trade_date,stock_count
20000104,913
20000105,917
20000106,920
20000107,923
20000110,917
20000111,917
20000112,921
20000113,923
20000114,925
20000117,920
20000118,917
20000119,921
20000120,922
20000121,927
20000124,922
20000125,923
20000126,921
20000127,926
20000128,925
20000214,920
20000215,921
20000216,925
20000217,925
20000218,921
20000221,923
20000222,924
20000223,928
20000224,926
20000225,928
20000228,915
20000229,920
20000301,924
20000302,928
20000303,934
20000306,928
20000307,931
20000308,930
20000309,931
20000310,933
20000313,930
20000314,931
20000315,932
20000316,924
20000317,932
20000320,924
20000321,929
20000322,933
20000323,932
20000324,931
20000327,926
20000328,926
20000329,933
20000330,928
20000331,934
20000403,926
20000404,935
20000405,931
20000406,930
20000407,937
20000410,915
20000411,929
20000412,927
20000413,938
20000414,939
20000417,923
20000418,914
20000419,938
20000420,926
20000421,932
20000424,925
20000425,918
20000426,925
20000427,932
20000428,903
20000508,877
20000509,914
20000510,905
20000511,931
20000512,907
20000515,919
20000516,914
20000517,933
20000518,897
20000519,929
20000522,920
20000523,927
20000524,935
20000525,928
20000526,911
20000529,919
20000530,917
20000531,937
20000601,943
20000602,951
20000605,950
20000606,947
20000607,948
20000608,949
20000609,955
20000612,948
20000613,949
20000614,951
20000615,947
20000616,952
20000619,948
20000620,940
20000621,952
20000622,955
20000623,959
20000626,933
20000627,947
20000628,915
20000629,948
20000630,920
20000703,961
20000704,963
20000705,965
20000706,968
20000707,973
20000710,967
20000711,968
20000712,971
20000713,972
20000714,977
20000717,967
20000718,970
20000719,973
20000720,977
20000721,984
20000724,974
20000725,980
20000726,984
20000727,983
20000728,987
20000731,983
20000801,986
20000802,986
20000803,990
20000804,996
20000807,989
20000808,990
20000809,993
20000810,994
20000811,1000
20000814,990
20000815,990
20000816,993
20000817,991
20000818,999
20000821,988
20000822,991
20000823,990
20000824,992
20000825,995
20000828,977
20000829,991
20000830,991
20000831,990
20000901,993
20000904,987
20000905,987
20000906,989
20000907,995
20000908,997
20000911,981
20000912,984
20000913,994
20000914,996
20000915,993
20000918,979
20000919,987
20000920,992
20000921,995
20000922,1005
20000925,992
20000926,997
20000927,1003
20000928,1004
20000929,1009
20001009,994
20001010,993
20001011,1008
20001012,1005
20001013,1011
20001016,995
20001017,1004
20001018,1006
20001019,1008
20001020,1014
20001023,1004
20001024,1009
20001025,1009
20001026,1005
20001027,1016
20001030,1000
20001031,1005
20001101,1012
20001102,1012
20001103,1022
20001106,1013
20001107,1015
20001108,1015
20001109,1016
20001110,1021
20001113,1009
20001114,1015
20001115,1012
20001116,1016
20001117,1024
20001120,1011
20001121,1016
20001122,1018
20001123,1021
20001124,1027
20001127,1011
20001128,1014
20001129,1021
20001130,1022
20001201,1030
20001204,1019
20001205,1022
20001206,1024
20001207,1026
20001208,1026
20001211,1024
20001212,1028
20001213,1031
20001214,1029
20001215,1033
20001218,1017
20001219,1025
20001220,1033
20001221,1033
20001222,1037
20001225,1019
20001226,1034
20001227,1045
20001228,1038
20001229,1030
20010102,1023
20010103,1050
20010104,1050
20010105,1050
20010108,1045
20010109,1049
20010110,1051
20010111,1056
20010112,1062
20010115,1057
20010116,1059
20010117,1061
20010118,1064
20010119,1073
20010205,1061
20010206,1063
20010207,1068
20010208,1066
20010209,1072
20010212,1069
20010213,1069
20010214,1068
20010215,1069
20010216,1074
20010219,1057
20010220,1052
20010221,1071
20010222,1071
20010223,1078
20010226,1071
20010227,1075
20010228,1067
20010301,1076
20010302,1084
20010305,1076
20010306,1074
20010307,1078
20010308,1071
20010309,1080
20010312,1063
20010313,1076
20010314,1080
20010315,1068
20010316,1076
20010319,1070
20010320,1081
20010321,1084
20010322,1079
20010323,1084
20010326,1068
20010327,1081
20010328,1077
20010329,1078
20010330,1079
20010402,1067
20010403,1080
20010404,1088
20010405,1087
20010406,1084
20010409,1070
20010410,1064
20010411,1084
20010412,1078
20010413,1084
20010416,1064
20010417,1081
20010418,1061
20010419,1080
20010420,1073
20010423,1062
20010424,1077
20010425,1067
20010426,1059
20010427,1069
20010430,1041
20010508,1035
20010509,1054
20010510,1038
20010511,1057
20010514,1056
20010515,1053
20010516,1063
20010517,1074
20010518,1041
20010521,1051
20010522,1061
20010523,1075
20010524,1076
20010525,1066
20010528,1038
20010529,1065
20010530,1070
20010531,1080
20010601,1091
20010604,1084
20010605,1085
20010606,1086
20010607,1086
20010608,1085
20010611,1071
20010612,1083
20010613,1087
20010614,1088
20010615,1086
20010618,1073
20010619,1083
20010620,1079
20010621,1088
20010622,1089
20010625,1067
20010626,1063
20010627,1089
20010628,1061
20010629,1051
20010702,1071
20010703,1093
20010704,1097
20010705,1097
20010706,1103
20010709,1095
20010710,1096
20010711,1098
20010712,1095
20010713,1101
20010716,1090
20010717,1094
20010718,1095
20010719,1095
20010720,1098
20010723,1096
20010724,1097
20010725,1099
20010726,1095
20010727,1104
20010730,1085
20010731,1090
20010801,1097
20010802,1097
20010803,1105
20010806,1091
20010807,1097
20010808,1097
20010809,1094
20010810,1101
20010813,1093
20010814,1098
20010815,1094
20010816,1099
20010817,1105
20010820,1088
20010821,1101
20010822,1101
20010823,1099
20010824,1109
20010827,1098
20010828,1098
20010829,1107
20010830,1103
20010831,1095
20010903,1101
20010904,1105
20010905,1103
20010906,1103
20010907,1108
20010910,1094
20010911,1102
20010912,1098
20010913,1109
20010914,1120
20010917,1092
20010918,1094
20010919,1107
20010920,1098
20010921,1107
20010924,1097
20010925,1106
20010926,1101
20010927,1107
20010928,1106
20011008,1095
20011009,1101
20011010,1106
20011011,1105
20011012,1115
20011015,1104
20011016,1100
20011017,1110
20011018,1112
20011019,1124
20011022,1102
20011023,1105
20011024,1110
20011025,1108
20011026,1113
20011029,1094
20011030,1099
20011031,1105
20011101,1109
20011102,1119
20011105,1108
20011106,1110
20011107,1111
20011108,1109
20011109,1123
20011112,1100
20011113,1107
20011114,1109
20011115,1109
20011116,1115
20011119,1101
20011120,1100
20011121,1108
20011122,1109
20011123,1119
20011126,1097
20011127,1107
20011128,1106
20011129,1109
20011130,1114
20011203,1104
20011204,1109
20011205,1109
20011206,1107
20011207,1126
20011210,1101
20011211,1112
20011212,1111
20011213,1107
20011214,1118
20011217,1088
20011218,1095
20011219,1109
20011220,1106
20011221,1113
20011224,1084
20011225,1103
20011226,1113
20011227,1108
20011228,1087
20011231,1088
20020104,1130
20020107,1118
20020108,1118
20020109,1122
20020110,1121
20020111,1132
20020114,1112
20020115,1113
20020116,1120
20020117,1122
20020118,1133
20020121,1113
20020122,1116
20020123,1122
20020124,1120
20020125,1130
20020128,1110
20020129,1116
20020130,1116
20020131,1122
20020201,1135
20020204,1114
20020205,1121
20020206,1115
20020207,1120
20020208,1129
20020225,1109
20020226,1121
20020227,1123
20020228,1122
20020301,1128
20020304,1122
20020305,1119
20020306,1124
20020307,1124
20020308,1123
20020311,1101
20020312,1102
20020313,1125
20020314,1128
20020315,1133
20020318,1123
20020319,1127
20020320,1125
20020321,1129
20020322,1136
20020325,1127
20020326,1126
20020327,1126
20020328,1120
20020329,1127
20020401,1112
20020402,1123
20020403,1128
20020404,1131
20020405,1133
20020408,1112
20020409,1120
20020410,1125
20020411,1125
20020412,1134
20020415,1122
20020416,1111
20020417,1124
20020418,1104
20020419,1114
20020422,1102
20020423,1107
20020424,1121
20020425,1101
20020426,1099
20020429,1063
20020430,1112
20020508,1111
20020509,1106
20020510,1085
20020513,1102
20020514,1120
20020515,1093
20020516,1094
20020517,1110
20020520,1083
20020521,1104
20020522,1108
20020523,1114
20020524,1114
20020527,1105
20020528,1073
20020529,1110
20020530,1102
20020531,1099
20020603,1124
20020604,1131
20020605,1132
20020606,1123
20020607,1126
20020610,1119
20020611,1131
20020612,1129
20020613,1135
20020614,1129
20020617,1119
20020618,1113
20020619,1131
20020620,1132
20020621,1121
20020624,1114
20020625,1114
20020626,1097
20020627,1118
20020628,1034
20020701,1021
20020702,1141
20020703,1147
20020704,1147
20020705,1146
20020708,1141
20020709,1147
20020710,1149
20020711,1151
20020712,1148
20020715,1149
20020716,1144
20020717,1150
20020718,1148
20020719,1146
20020722,1143
20020723,1150
20020724,1155
20020725,1146
20020726,1141
20020729,1142
20020730,1143
20020731,1156
20020801,1150
20020802,1152
20020805,1151
20020806,1152
20020807,1158
20020808,1155
20020809,1154
20020812,1154
20020813,1158
20020814,1162
20020815,1161
20020816,1158
20020819,1148
20020820,1160
20020821,1160
20020822,1163
20020823,1155
20020826,1156
20020827,1162
20020828,1163
20020829,1163
20020830,1161
20020902,1158
20020903,1160
20020904,1166
20020905,1163
20020906,1157
20020909,1158
20020910,1153
20020911,1170
20020912,1168
20020913,1160
20020916,1157
20020917,1163
20020918,1160
20020919,1169
20020920,1154
20020923,1149
20020924,1162
20020925,1159
20020926,1161
20020927,1159
20021008,1156
20021009,1167
20021010,1170
20021011,1171
20021014,1171
20021015,1173
20021016,1176
20021017,1175
20021018,1169
20021021,1170
20021022,1172
20021023,1177
20021024,1180
20021025,1170
20021028,1154
20021029,1170
20021030,1175
20021031,1176
20021101,1180
20021104,1183
20021105,1182
20021106,1182
20021107,1184
20021108,1180
20021111,1175
20021112,1182
20021113,1186
20021114,1186
20021115,1182
20021118,1176
20021119,1185
20021120,1184
20021121,1185
20021122,1178
20021125,1174
20021126,1170
20021127,1181
20021128,1166
20021129,1162
20021202,1158
20021203,1180
20021204,1184
20021205,1185
20021206,1180
20021209,1176
20021210,1185
20021211,1188
20021212,1181
20021213,1186
20021216,1177
20021217,1182
20021218,1182
20021219,1189
20021220,1179
20021223,1164
20021224,1181
20021225,1189
20021226,1184
20021227,1176
20021230,1120
20021231,1181
20030102,1188
20030103,1189
20030106,1188
20030107,1191
20030108,1195
20030109,1191
20030110,1193
20030113,1195
20030114,1198
20030115,1197
20030116,1196
20030117,1196
20030120,1192
20030121,1196
20030122,1192
20030123,1192
20030124,1190
20030127,1182
20030128,1191
20030129,1198
20030210,1190
20030211,1196
20030212,1196
20030213,1199
20030214,1197
20030217,1188
20030218,1188
20030219,1197
20030220,1193
20030221,1195
20030224,1196
20030225,1195
20030226,1196
20030227,1198
20030228,1178
20030303,1194
20030304,1200
20030305,1200
20030306,1200
20030307,1201
20030310,1203
20030311,1204
20030312,1205
20030313,1202
20030314,1203
20030317,1198
20030318,1200
20030319,1203
20030320,1198
20030321,1195
20030324,1198
20030325,1200
20030326,1198
20030327,1202
20030328,1190
20030331,1186
20030401,1200
20030402,1200
20030403,1198
20030404,1201
20030407,1194
20030408,1194
20030409,1201
20030410,1199
20030411,1196
20030414,1194
20030415,1186
20030416,1193
20030417,1199
20030418,1183
20030421,1181
20030422,1177
20030423,1195
20030424,1201
20030425,1167
20030428,1135
20030429,1155
20030430,1183
20030512,1122
20030513,1180
20030514,1192
20030515,1168
20030516,1159
20030519,1154
20030520,1168
20030521,1186
20030522,1182
20030523,1175
20030526,1165
20030527,1179
20030528,1151
20030529,1182
20030530,1156
20030602,1189
20030603,1188
20030604,1196
20030605,1197
20030606,1182
20030609,1192
20030610,1192
20030611,1197
20030612,1188
20030613,1190
20030616,1172
20030617,1192
20030618,1180
20030619,1199
20030620,1181
20030623,1178
20030624,1195
20030625,1179
20030626,1169
20030627,1151
20030630,1061
20030701,1204
20030702,1208
20030703,1209
20030704,1208
20030707,1204
20030708,1206
20030709,1210
20030710,1211
20030711,1210
20030714,1208
20030715,1212
20030716,1211
20030717,1214
20030718,1208
20030721,1207
20030722,1212
20030723,1217
20030724,1214
20030725,1211
20030728,1201
20030729,1202
20030730,1211
20030731,1206
20030801,1217
20030804,1215
20030805,1217
20030806,1219
20030807,1222
20030808,1208
20030811,1212
20030812,1215
20030813,1221
20030814,1224
20030815,1216
20030818,1211
20030819,1222
20030820,1220
20030821,1221
20030822,1217
20030825,1222
20030826,1213
20030827,1223
20030828,1219
20030829,1218
20030901,1211
20030902,1223
20030903,1224
20030904,1226
20030905,1225
20030908,1221
20030909,1223
20030910,1218
20030911,1227
20030912,1225
20030915,1229
20030916,1224
20030917,1230
20030918,1221
20030919,1226
20030922,1215
20030923,1221
20030924,1231
20030925,1225
20030926,1217
20030929,1187
20030930,1229
20031008,1228
20031009,1229
20031010,1226
20031013,1228
20031014,1236
20031015,1231
20031016,1231
20031017,1233
20031020,1226
20031021,1241
20031022,1242
20031023,1241
20031024,1237
20031027,1234
20031028,1232
20031029,1237
20031030,1232
20031031,1236
20031103,1242
20031104,1245
20031105,1245
20031106,1246
20031107,1247
20031110,1239
20031111,1239
20031112,1244
20031113,1246
20031114,1243
20031117,1242
20031118,1241
20031119,1249
20031120,1242
20031121,1239
20031124,1240
20031125,1239
20031126,1244
20031127,1238
20031128,1227
20031201,1223
20031202,1237
20031203,1250
20031204,1246
20031205,1242
20031208,1242
20031209,1246
20031210,1251
20031211,1248
20031212,1247
20031215,1239
20031216,1250
20031217,1253
20031218,1245
20031219,1249
20031222,1237
20031223,1248
20031224,1255
20031225,1253
20031226,1244
20031229,1204
20031230,1237
20031231,1254
20040102,1254
20040105,1256
20040106,1256
20040107,1256
20040108,1256
20040109,1259
20040112,1255
20040113,1255
20040114,1253
20040115,1253
20040116,1250
20040129,1248
20040130,1255
20040202,1258
20040203,1260
20040204,1261
20040205,1263
20040206,1255
20040209,1247
20040210,1256
20040211,1262
20040212,1256
20040213,1256
20040216,1242
20040217,1260
20040218,1255
20040219,1262
20040220,1258
20040223,1261
20040224,1261
20040225,1264
20040226,1263
20040227,1264
20040301,1256
20040302,1260
20040303,1258
20040304,1262
20040305,1264
20040308,1263
20040309,1260
20040310,1263
20040311,1265
20040312,1258
20040315,1254
20040316,1263
20040317,1264
20040318,1256
20040319,1250
20040322,1248
20040323,1262
20040324,1264
20040325,1263
20040326,1254
20040329,1252
20040330,1243
20040331,1263
20040401,1269
20040402,1257
20040405,1260
20040406,1264
20040407,1271
20040408,1263
20040409,1258
20040412,1251
20040413,1265
20040414,1271
20040415,1261
20040416,1249
20040419,1245
20040420,1239
20040421,1259
20040422,1247
20040423,1240
20040426,1228
20040427,1235
20040428,1214
20040429,1237
20040430,1246
20040510,1232
20040511,1248
20040512,1230
20040513,1252
20040514,1253
20040517,1227
20040518,1205
20040519,1262
20040520,1251
20040521,1233
20040524,1241
20040525,1241
20040526,1227
20040527,1254
20040528,1209
20040531,1223
20040601,1272
20040602,1271
20040603,1266
20040604,1269
20040607,1272
20040608,1265
20040609,1274
20040610,1271
20040611,1266
20040614,1275
20040615,1271
20040616,1270
20040617,1278
20040618,1253
20040621,1261
20040622,1265
20040623,1274
20040624,1278
20040625,1258
20040628,1225
20040629,1230
20040630,1257
20040701,1290
20040702,1292
20040705,1293
20040706,1298
20040707,1300
20040708,1302
20040709,1300
20040712,1297
20040713,1308
20040714,1310
20040715,1305
20040716,1309
20040719,1303
20040720,1308
20040721,1314
20040722,1312
20040723,1311
20040726,1302
20040727,1317
20040728,1313
20040729,1315
20040730,1314
20040802,1305
20040803,1312
20040804,1319
20040805,1319
20040806,1315
20040809,1322
20040810,1318
20040811,1323
20040812,1322
20040813,1321
20040816,1318
20040817,1326
20040818,1326
20040819,1328
20040820,1317
20040823,1323
20040824,1320
20040825,1329
20040826,1327
20040827,1327
20040830,1318
20040831,1325
20040901,1322
20040902,1327
20040903,1325
20040906,1319
20040907,1328
20040908,1330
20040909,1330
20040910,1320
20040913,1317
20040914,1331
20040915,1320
20040916,1323
20040917,1322
20040920,1309
20040921,1313
20040922,1328
20040923,1328
20040924,1316
20040927,1308
20040928,1315
20040929,1324
20040930,1329
20041008,1331
20041011,1317
20041012,1327
20041013,1336
20041014,1335
20041015,1322
20041018,1320
20041019,1329
20041020,1333
20041021,1328
20041022,1320
20041025,1327
20041026,1332
20041027,1328
20041028,1326
20041029,1326
20041101,1328
20041102,1338
20041103,1337
20041104,1339
20041105,1339
20041108,1337
20041109,1336
20041110,1339
20041111,1337
20041112,1332
20041115,1330
20041116,1333
20041117,1337
20041118,1334
20041119,1335
20041122,1326
20041123,1323
20041124,1336
20041125,1335
20041126,1323
20041129,1311
20041130,1323
20041201,1344
20041202,1338
20041203,1336
20041206,1332
20041207,1342
20041208,1338
20041209,1341
20041210,1332
20041213,1338
20041214,1341
20041215,1344
20041216,1338
20041217,1334
20041220,1332
20041221,1341
20041222,1341
20041223,1343
20041224,1331
20041227,1314
20041228,1322
20041229,1339
20041230,1331
20041231,1342
20050104,1345
20050105,1346
20050106,1346
20050107,1345
20050110,1342
20050111,1346
20050112,1345
20050113,1345
20050114,1343
20050117,1341
20050118,1347
20050119,1344
20050120,1342
20050121,1344
20050124,1341
20050125,1335
20050126,1347
20050127,1345
20050128,1336
20050131,1327
20050201,1345
20050202,1348
20050203,1341
20050204,1343
20050216,1345
20050217,1348
20050218,1342
20050221,1342
20050222,1336
20050223,1347
20050224,1342
20050225,1341
20050228,1328
20050301,1341
20050302,1348
20050303,1339
20050304,1340
20050307,1332
20050308,1340
20050309,1342
20050310,1341
20050311,1344
20050314,1345
20050315,1348
20050316,1348
20050317,1347
20050318,1342
20050321,1340
20050322,1342
20050323,1347
20050324,1346
20050325,1342
20050328,1329
20050329,1341
20050330,1338
20050331,1337
20050401,1336
20050404,1330
20050405,1348
20050406,1338
20050407,1346
20050408,1330
20050411,1337
20050412,1333
20050413,1348
20050414,1347
20050415,1335
20050418,1323
20050419,1335
20050420,1332
20050421,1339
20050422,1317
20050425,1317
20050426,1300
20050427,1331
20050428,1298
20050429,1307
20050509,1288
20050510,1299
20050511,1318
20050512,1296
20050513,1312
20050516,1296
20050517,1313
20050518,1295
20050519,1322
20050520,1278
20050523,1294
20050524,1319
20050525,1306
20050526,1284
20050527,1298
20050530,1264
20050531,1298
20050601,1337
20050602,1330
20050603,1331
20050606,1331
20050607,1335
20050608,1330
20050609,1335
20050610,1325
20050613,1328
20050614,1336
20050615,1334
20050616,1325
20050617,1330
20050620,1267
20050621,1291
20050622,1281
20050623,1292
20050624,1280
20050627,1271
20050628,1221
20050629,1278
20050630,1257
20050701,1315
20050704,1320
20050705,1331
20050706,1333
20050707,1336
20050708,1331
20050711,1332
20050712,1336
20050713,1341
20050714,1342
20050715,1337
20050718,1337
20050719,1340
20050720,1337
20050721,1332
20050722,1328
20050725,1320
20050726,1325
20050727,1326
20050728,1316
20050729,1310
20050801,1304
20050802,1304
20050803,1310
20050804,1313
20050805,1313
20050808,1307
20050809,1317
20050810,1317
20050811,1318
20050812,1320
20050815,1317
20050816,1319
20050817,1328
20050818,1328
20050819,1328
20050822,1330
20050823,1337
20050824,1337
20050825,1330
20050826,1330
20050829,1337
20050830,1339
20050831,1344
20050901,1339
20050902,1340
20050905,1336
20050906,1336
20050907,1341
20050908,1344
20050909,1340
20050912,1287
20050913,1300
20050914,1303
20050915,1290
20050916,1292
20050919,1260
20050920,1249
20050921,1266
20050922,1293
20050923,1294
20050926,1270
20050927,1272
20050928,1268
20050929,1298
20050930,1288
20051010,1259
20051011,1261
20051012,1260
20051013,1271
20051014,1266
20051017,1233
20051018,1235
20051019,1229
20051020,1246
20051021,1241
20051024,1213
20051025,1213
20051026,1219
20051027,1237
20051028,1240
20051031,1221
20051101,1233
20051102,1243
20051103,1263
20051104,1265
20051107,1247
20051108,1247
20051109,1249
20051110,1268
20051111,1266
20051114,1248
20051115,1245
20051116,1241
20051117,1252
20051118,1256
20051121,1234
20051122,1232
20051123,1242
20051124,1260
20051125,1244
20051128,1222
20051129,1219
20051130,1235
20051201,1245
20051202,1238
20051205,1226
20051206,1229
20051207,1230
20051208,1245
20051209,1238
20051212,1221
20051213,1232
20051214,1230
20051215,1236
20051216,1230
20051219,1197
20051220,1197
20051221,1208
20051222,1212
20051223,1172
20051226,1170
20051227,1187
20051228,1187
20051229,1201
20051230,1183
20060104,1181
20060105,1219
20060106,1231
20060109,1219
20060110,1215
20060111,1221
20060112,1224
20060113,1210
20060116,1187
20060117,1187
20060118,1191
20060119,1202
20060120,1195
20060123,1143
20060124,1158
20060125,1167
20060206,1183
20060207,1195
20060208,1192
20060209,1191
20060210,1191
20060213,1176
20060214,1190
20060215,1196
20060216,1210
20060217,1223
20060220,1172
20060221,1178
20060222,1181
20060223,1196
20060224,1188
20060227,1135
20060228,1144
20060301,1158
20060302,1170
20060303,1173
20060306,1138
20060307,1133
20060308,1140
20060309,1162
20060310,1159
20060313,1134
20060314,1137
20060315,1145
20060316,1160
20060317,1162
20060320,1122
20060321,1126
20060322,1128
20060323,1132
20060324,1134
20060327,1088
20060328,1088
20060329,1110
20060330,1113
20060331,1115
20060403,1108
20060404,1110
20060405,1115
20060406,1126
20060407,1127
20060410,1101
20060411,1127
20060412,1134
20060413,1147
20060414,1147
20060417,1115
20060418,1111
20060419,1133
20060420,1122
20060421,1121
20060424,1108
20060425,1113
20060426,1116
20060427,1132
20060428,1092
20060508,1057
20060509,1091
20060510,1095
20060511,1117
20060512,1089
20060515,1074
20060516,1090
20060517,1121
20060518,1105
20060519,1104
20060522,1081
20060523,1094
20060524,1121
20060525,1120
20060526,1071
20060529,1072
20060530,1066
20060531,1117
20060601,1139
20060602,1127
20060605,1121
20060606,1123
20060607,1137
20060608,1153
20060609,1152
20060612,1142
20060613,1149
20060614,1153
20060615,1160
20060616,1134
20060619,1127
20060620,1132
20060621,1153
20060622,1148
20060623,1131
20060626,1101
20060627,1114
20060628,1107
20060629,1113
20060630,1063
20060703,1120
20060704,1140
20060705,1153
20060706,1166
20060707,1156
20060710,1154
20060711,1168
20060712,1176
20060713,1186
20060714,1186
20060717,1170
20060718,1177
20060719,1189
20060720,1193
20060721,1184
20060724,1163
20060725,1178
20060726,1185
20060727,1196
20060728,1195
20060731,1186
20060801,1201
20060802,1208
20060803,1216
20060804,1216
20060807,1212
20060808,1217
20060809,1219
20060810,1217
20060811,1223
20060814,1214
20060815,1221
20060816,1223
20060817,1241
20060818,1233
20060821,1226
20060822,1230
20060823,1243
20060824,1250
20060825,1248
20060828,1232
20060829,1243
20060830,1242
20060831,1247
20060901,1249
20060904,1237
20060905,1248
20060906,1250
20060907,1256
20060908,1246
20060911,1248
20060912,1252
20060913,1252
20060914,1271
20060915,1249
20060918,1256
20060919,1261
20060920,1263
20060921,1267
20060922,1264
20060925,1254
20060926,1251
20060927,1267
20060928,1265
20060929,1264
20061009,1256
20061010,1260
20061011,1265
20061012,1267
20061013,1267
20061016,1265
20061017,1278
20061018,1284
20061019,1281
20061020,1269
20061023,1270
20061024,1275
20061025,1279
20061026,1283
20061027,1288
20061030,1279
20061031,1280
20061101,1288
20061102,1290
20061103,1288
20061106,1291
20061107,1290
20061108,1284
20061109,1294
20061110,1286
20061113,1280
20061114,1285
20061115,1281
20061116,1281
20061117,1287
20061120,1278
20061121,1291
20061122,1286
20061123,1291
20061124,1288
20061127,1285
20061128,1287
20061129,1290
20061130,1296
20061201,1296
20061204,1293
20061205,1290
20061206,1288
20061207,1291
20061208,1280
20061211,1280
20061212,1285
20061213,1294
20061214,1285
20061215,1279
20061218,1268
20061219,1278
20061220,1275
20061221,1272
20061222,1268
20061225,1252
20061226,1270
20061227,1276
20061228,1252
20061229,1264
20070104,1251
20070105,1259
20070108,1276
20070109,1286
20070110,1293
20070111,1294
20070112,1289
20070115,1279
20070116,1299
20070117,1305
20070118,1303
20070119,1295
20070122,1290
20070123,1303
20070124,1307
20070125,1295
20070126,1300
20070129,1299
20070130,1311
20070131,1314
20070201,1316
20070202,1312
20070205,1299
20070206,1315
20070207,1317
20070208,1313
20070209,1310
20070212,1307
20070213,1319
20070214,1324
20070215,1331
20070216,1337
20070226,1331
20070227,1329
20070228,1312
20070301,1336
20070302,1328
20070305,1319
20070306,1313
20070307,1335
20070308,1331
20070309,1328
20070312,1325
20070313,1331
20070314,1337
20070315,1333
20070316,1328
20070319,1325
20070320,1321
20070321,1335
20070322,1335
20070323,1327
20070326,1317
20070327,1336
20070328,1331
20070329,1332
20070330,1331
20070402,1340
20070403,1340
20070404,1348
20070405,1347
20070406,1325
20070409,1332
20070410,1335
20070411,1343
20070412,1326
20070413,1337
20070416,1326
20070417,1341
20070418,1315
20070419,1315
20070420,1311
20070423,1324
20070424,1319
20070425,1297
20070426,1271
20070427,1288
20070430,1270
20070508,1309
20070509,1312
20070510,1277
20070511,1257
20070514,1293
20070515,1273
20070516,1287
20070517,1309
20070518,1224
20070521,1303
20070522,1296
20070523,1294
20070524,1304
20070525,1273
20070528,1291
20070529,1305
20070530,1305
20070531,1317
20070601,1330
20070604,1330
20070605,1337
20070606,1331
20070607,1338
20070608,1326
20070611,1341
20070612,1336
20070613,1333
20070614,1343
20070615,1325
20070618,1329
20070619,1343
20070620,1338
20070621,1338
20070622,1342
20070625,1329
20070626,1317
20070627,1337
20070628,1308
20070629,1290
20070702,1333
20070703,1358
20070704,1353
20070705,1349
20070706,1351
20070709,1347
20070710,1352
20070711,1356
20070712,1356
20070713,1355
20070716,1346
20070717,1359
20070718,1354
20070719,1360
20070720,1360
20070723,1358
20070724,1356
20070725,1354
20070726,1358
20070727,1347
20070730,1342
20070731,1345
20070801,1351
20070802,1345
20070803,1341
20070806,1341
20070807,1345
20070808,1340
20070809,1338
20070810,1333
20070813,1339
20070814,1346
20070815,1343
20070816,1349
20070817,1353
20070820,1346
20070821,1356
20070822,1349
20070823,1351
20070824,1345
20070827,1339
20070828,1350
20070829,1356
20070830,1352
20070831,1361
20070903,1352
20070904,1362
20070905,1357
20070906,1353
20070907,1346
20070910,1350
20070911,1357
20070912,1350
20070913,1361
20070914,1348
20070917,1345
20070918,1354
20070919,1367
20070920,1364
20070921,1364
20070924,1357
20070925,1370
20070926,1361
20070927,1362
20070928,1354
20071008,1358
20071009,1370
20071010,1364
20071011,1367
20071012,1366
20071015,1359
20071016,1363
20071017,1370
20071018,1375
20071019,1373
20071022,1368
20071023,1370
20071024,1365
20071025,1355
20071026,1353
20071029,1353
20071030,1355
20071031,1363
20071101,1365
20071102,1366
20071105,1372
20071106,1372
20071107,1367
20071108,1359
20071109,1361
20071112,1355
20071113,1369
20071114,1379
20071115,1357
20071116,1354
20071119,1368
20071120,1370
20071121,1380
20071122,1376
20071123,1360
20071126,1374
20071127,1385
20071128,1381
20071129,1372
20071130,1378
20071203,1378
20071204,1384
20071205,1383
20071206,1378
20071207,1382
20071210,1367
20071211,1379
20071212,1375
20071213,1378
20071214,1374
20071217,1364
20071218,1376
20071219,1385
20071220,1371
20071221,1376
20071224,1368
20071225,1389
20071226,1383
20071227,1385
20071228,1376
20080102,1371
20080103,1409
20080104,1406
20080107,1402
20080108,1398
20080109,1409
20080110,1410
20080111,1403
20080114,1398
20080115,1402
20080116,1397
20080117,1411
20080118,1384
20080121,1391
20080122,1405
20080123,1406
20080124,1410
20080125,1404
20080128,1404
20080129,1415
20080130,1414
20080131,1404
20080201,1413
20080204,1409
20080205,1434
20080213,1431
20080214,1426
20080215,1419
20080218,1406
20080219,1417
20080220,1412
20080221,1420
20080222,1406
20080225,1406
20080226,1418
20080227,1426
20080228,1427
20080229,1419
20080303,1428
20080304,1433
20080305,1424
20080306,1425
20080307,1427
20080310,1423
20080311,1427
20080312,1415
20080313,1427
20080314,1427
20080317,1415
20080318,1419
20080319,1426
20080320,1414
20080321,1414
20080324,1417
20080325,1422
20080326,1416
20080327,1423
20080328,1405
20080331,1418
20080401,1431
20080402,1414
20080403,1427
20080407,1425
20080408,1413
20080409,1419
20080410,1414
20080411,1418
20080414,1423
20080415,1414
20080416,1422
20080417,1423
20080418,1382
20080421,1396
20080422,1400
20080423,1412
20080424,1418
20080425,1400
20080428,1392
20080429,1393
20080430,1418
20080505,1423
20080506,1419
20080507,1429
20080508,1385
20080509,1403
20080512,1412
20080513,1362
20080514,1411
20080515,1372
20080516,1369
20080519,1408
20080520,1407
20080521,1427
20080522,1424
20080523,1427
20080526,1427
20080527,1439
20080528,1418
20080529,1437
20080530,1429
20080602,1449
20080603,1450
20080604,1455
20080605,1450
20080606,1444
20080610,1454
20080611,1459
20080612,1448
20080613,1459
20080616,1446
20080617,1461
20080618,1452
20080619,1466
20080620,1446
20080623,1464
20080624,1479
20080625,1472
20080626,1454
20080627,1434
20080630,1424
20080701,1490
20080702,1494
20080703,1499
20080704,1502
20080707,1489
20080708,1497
20080709,1498
20080710,1498
20080711,1492
20080714,1491
20080715,1490
20080716,1495
20080717,1494
20080718,1498
20080721,1498
20080722,1505
20080723,1506
20080724,1505
20080725,1494
20080728,1497
20080729,1504
20080730,1503
20080731,1498
20080801,1507
20080804,1512
20080805,1507
20080806,1500
20080807,1507
20080808,1513
20080811,1508
20080812,1510
20080813,1515
20080814,1515
20080815,1495
20080818,1498
20080819,1515
20080820,1507
20080821,1512
20080822,1515
20080825,1513
20080826,1519
20080827,1514
20080828,1516
20080829,1522
20080901,1518
20080902,1521
20080903,1524
20080904,1524
20080905,1509
20080908,1516
20080909,1524
20080910,1522
20080911,1524
20080912,1510
20080916,1506
20080917,1519
20080918,1525
20080919,1518
20080922,1521
20080923,1524
20080924,1524
20080925,1515
20080926,1503
20081006,1510
20081007,1515
20081008,1513
20081009,1513
20081010,1505
20081013,1506
20081014,1520
20081015,1507
20081016,1526
20081017,1520
20081020,1524
20081021,1528
20081022,1519
20081023,1513
20081024,1523
20081027,1516
20081028,1526
20081029,1523
20081030,1520
20081031,1528
20081103,1524
20081104,1530
20081105,1522
20081106,1522
20081107,1520
20081110,1515
20081111,1515
20081112,1519
20081113,1518
20081114,1506
20081117,1498
20081118,1506
20081119,1515
20081120,1509
20081121,1505
20081124,1512
20081125,1509
20081126,1511
20081127,1508
20081128,1496
20081201,1507
20081202,1518
20081203,1508
20081204,1517
20081205,1514
20081208,1511
20081209,1516
20081210,1523
20081211,1514
20081212,1507
20081215,1510
20081216,1518
20081217,1528
20081218,1520
20081219,1522
20081222,1514
20081223,1529
20081224,1529
20081225,1517
20081226,1508
20081229,1476
20081230,1524
20081231,1523
20090105,1529
20090106,1536
20090107,1543
20090108,1541
20090109,1536
20090112,1532
20090113,1543
20090114,1536
20090115,1522
20090116,1532
20090119,1547
20090120,1538
20090121,1535
20090122,1538
20090123,1546
20090202,1549
20090203,1542
20090204,1542
20090205,1539
20090206,1536
20090209,1539
20090210,1536
20090211,1534
20090212,1534
20090213,1539
20090216,1538
20090217,1540
20090218,1535
20090219,1544
20090220,1537
20090223,1537
20090224,1544
20090225,1536
20090226,1532
20090227,1534
20090302,1538
20090303,1544
20090304,1549
20090305,1547
20090306,1533
20090309,1534
20090310,1535
20090311,1541
20090312,1536
20090313,1537
20090316,1530
20090317,1547
20090318,1528
20090319,1542
20090320,1523
20090323,1522
20090324,1534
20090325,1527
20090326,1526
20090327,1519
20090330,1518
20090331,1520
20090401,1531
20090402,1525
20090403,1529
20090407,1525
20090408,1520
20090409,1523
20090410,1495
20090413,1512
20090414,1520
20090415,1494
20090416,1500
20090417,1504
20090420,1480
20090421,1489
20090422,1497
20090423,1500
20090424,1493
20090427,1499
20090428,1472
20090429,1507
20090430,1503
20090504,1524
20090505,1508
20090506,1508
20090507,1512
20090508,1468
20090511,1489
20090512,1498
20090513,1504
20090514,1522
20090515,1440
20090518,1464
20090519,1486
20090520,1471
20090521,1499
20090522,1466
20090525,1505
20090526,1505
20090527,1516
20090601,1506
20090602,1521
20090603,1525
20090604,1525
20090605,1525
20090608,1527
20090609,1529
20090610,1523
20090611,1526
20090612,1515
20090615,1531
20090616,1527
20090617,1533
20090618,1517
20090619,1516
20090622,1515
20090623,1519
20090624,1524
20090625,1510
20090626,1478
20090629,1471
20090630,1489
20090701,1525
20090702,1524
20090703,1521
20090706,1514
20090707,1525
20090708,1515
20090709,1522
20090710,1523
20090713,1519
20090714,1529
20090715,1521
20090716,1513
20090717,1521
20090720,1510
20090721,1527
20090722,1529
20090723,1527
20090724,1527
20090727,1525
20090728,1534
20090729,1531
20090730,1530
20090731,1529
20090803,1536
20090804,1538
20090805,1532
20090806,1527
20090807,1527
20090810,1520
20090811,1532
20090812,1525
20090813,1532
20090814,1533
20090817,1523
20090818,1521
20090819,1533
20090820,1533
20090821,1535
20090824,1532
20090825,1532
20090826,1531
20090827,1542
20090828,1531
20090831,1529
20090901,1543
20090902,1546
20090903,1547
20090904,1539
20090907,1537
20090908,1531
20090909,1542
20090910,1541
20090911,1542
20090914,1533
20090915,1526
20090916,1549
20090917,1549
20090918,1537
20090921,1539
20090922,1547
20090923,1544
20090924,1547
20090925,1535
20090928,1544
20090929,1566
20090930,1561
20091009,1554
20091012,1548
20091013,1561
20091014,1563
20091015,1544
20091016,1556
20091019,1569
20091020,1565
20091021,1579
20091022,1574
20091023,1570
20091026,1564
20091027,1565
20091028,1566
20091029,1558
20091030,1588
20091102,1592
20091103,1600
20091104,1597
20091105,1581
20091106,1588
20091109,1583
20091110,1572
20091111,1587
20091112,1572
20091113,1574
20091116,1560
20091117,1587
20091118,1599
20091119,1599
20091120,1590
20091123,1597
20091124,1607
20091125,1606
20091126,1575
20091127,1589
20091130,1591
20091201,1603
20091202,1592
20091203,1609
20091204,1594
20091207,1600
20091208,1608
20091209,1610
20091210,1604
20091211,1608
20091214,1603
20091215,1606
20091216,1613
20091217,1608
20091218,1602
20091221,1594
20091222,1613
20091223,1614
20091224,1604
20091225,1602
20091228,1576
20091229,1601
20091230,1596
20091231,1604
20100104,1632
20100105,1630
20100106,1631
20100107,1629
20100108,1625
20100111,1629
20100112,1640
20100113,1645
20100114,1645
20100115,1616
20100118,1648
20100119,1641
20100120,1649
20100121,1660
20100122,1656
20100125,1648
20100126,1667
20100127,1669
20100128,1661
20100129,1664
20100201,1661
20100202,1673
20100203,1670
20100204,1683
20100205,1671
20100208,1665
20100209,1676
20100210,1687
20100211,1689
20100212,1704
20100222,1694
20100223,1686
20100224,1696
20100225,1678
20100226,1662
20100301,1685
20100302,1673
20100303,1686
20100304,1697
20100305,1692
20100308,1698
20100309,1708
20100310,1700
20100311,1709
20100312,1700
20100315,1698
20100316,1712
20100317,1705
20100318,1697
20100319,1701
20100322,1695
20100323,1712
20100324,1711
20100325,1701
20100326,1698
20100329,1700
20100330,1696
20100331,1693
20100401,1725
20100402,1709
20100406,1714
20100407,1718
20100408,1705
20100409,1698
20100412,1695
20100413,1720
20100414,1733
20100415,1698
20100416,1665
20100419,1704
20100420,1680
20100421,1718
20100422,1684
20100423,1687
20100426,1698
20100427,1711
20100428,1698
20100429,1719
20100430,1726
20100504,1749
20100505,1739
20100506,1733
20100507,1722
20100510,1716
20100511,1727
20100512,1724
20100513,1728
20100514,1723
20100517,1724
20100518,1679
20100519,1724
20100520,1712
20100521,1694
20100524,1740
20100525,1747
20100526,1738
20100527,1754
20100528,1726
20100531,1741
20100601,1773
20100602,1772
20100603,1761
20100604,1763
20100607,1772
20100608,1772
20100609,1779
20100610,1768
20100611,1771
20100617,1735
20100618,1743
20100621,1772
20100622,1769
20100623,1772
20100624,1795
20100625,1768
20100628,1747
20100629,1753
20100630,1769
20100701,1807
20100702,1807
20100705,1790
20100706,1799
20100707,1801
20100708,1805
20100709,1796
20100712,1798
20100713,1817
20100714,1816
20100715,1801
20100716,1801
20100719,1805
20100720,1814
20100721,1813
20100722,1811
20100723,1806
20100726,1800
20100727,1811
20100728,1797
20100729,1797
20100730,1811
20100802,1812
20100803,1823
20100804,1821
20100805,1813
20100806,1820
20100809,1814
20100810,1814
20100811,1816
20100812,1817
20100813,1807
20100816,1788
20100817,1824
20100818,1815
20100819,1820
20100820,1824
20100823,1812
20100824,1824
20100825,1820
20100826,1828
20100827,1807
20100830,1819
20100831,1841
20100901,1840
20100902,1844
20100903,1834
20100906,1838
20100907,1837
20100908,1838
20100909,1846
20100910,1832
20100913,1825
20100914,1848
20100915,1824
20100916,1837
20100917,1833
20100920,1836
20100921,1860
20100927,1829
20100928,1865
20100929,1869
20100930,1880
20101008,1876
20101011,1877
20101012,1871
20101013,1876
20101014,1879
20101015,1870
20101018,1875
20101019,1883
20101020,1885
20101021,1897
20101022,1888
20101025,1886
20101026,1888
20101027,1883
20101028,1889
20101029,1895
20101101,1892
20101102,1900
20101103,1899
20101104,1903
20101105,1897
20101108,1884
20101109,1899
20101110,1894
20101111,1893
20101112,1881
20101115,1897
20101116,1895
20101117,1907
20101118,1910
20101119,1915
20101122,1907
20101123,1912
20101124,1920
20101125,1916
20101126,1908
20101129,1908
20101130,1916
20101201,1926
20101202,1919
20101203,1908
20101206,1902
20101207,1933
20101208,1925
20101209,1929
20101210,1927
20101213,1922
20101214,1944
20101215,1913
20101216,1922
20101217,1924
20101220,1929
20101221,1935
20101222,1929
20101223,1934
20101224,1937
20101227,1919
20101228,1938
20101229,1933
20101230,1929
20101231,1955
20110104,1969
20110105,1957
20110106,1959
20110107,1963
20110110,1964
20110111,1974
20110112,1967
20110113,1974
20110114,1973
20110117,1971
20110118,1974
20110119,1981
20110120,1970
20110121,1974
20110124,1966
20110125,1985
20110126,1976
20110127,1978
20110128,1983
20110131,1981
20110201,2015
20110209,2011
20110210,2006
20110211,1991
20110214,1990
20110215,1993
20110216,1990
20110217,2006
20110218,1987
20110221,1993
20110222,1998
20110223,2001
20110224,2012
20110225,1995
20110228,1990
20110301,2012
20110302,2018
20110303,2022
20110304,2020
20110307,2008
20110308,2019
20110309,2022
20110310,2020
20110311,2015
20110314,2009
20110315,2016
20110316,2017
20110317,2022
20110318,1995
20110321,2001
20110322,2015
20110323,2023
20110324,2034
20110325,2014
20110328,2001
20110329,2025
20110330,2024
20110331,2020
20110401,2023
20110406,2007
20110407,2019
20110408,1976
20110411,2027
20110412,2011
20110413,2032
20110414,2041
20110415,1974
20110418,1991
20110419,2004
20110420,1990
20110421,2010
20110422,1975
20110425,2019
20110426,2027
20110427,2029
20110428,2017
20110429,2023
20110503,2056
20110504,2048
20110505,2035
20110506,2011
20110509,2023
20110510,1994
20110511,2046
20110512,2033
20110513,2012
20110516,2025
20110517,2040
20110518,1985
20110519,2046
20110520,1981
20110523,2053
20110524,2078
20110525,2060
20110526,2057
20110527,2049
20110530,2060
20110531,2077
20110601,2085
20110602,2087
20110603,2083
20110607,2084
20110608,2068
20110609,2081
20110610,2068
20110613,2089
20110614,2102
20110615,2090
20110616,2087
20110617,2094
20110620,2077
20110621,2089
20110622,2112
20110623,2100
20110624,2081
20110627,2093
20110628,2090
20110629,2067
20110630,2070
20110701,2108
20110704,2101
20110705,2108
20110706,2120
20110707,2119
20110708,2124
20110711,2113
20110712,2129
20110713,2127
20110714,2132
20110715,2122
20110718,2114
20110719,2137
20110720,2123
20110721,2123
20110722,2128
20110725,2128
20110726,2141
20110727,2125
20110728,2135
20110729,2124
20110801,2126
20110802,2138
20110803,2136
20110804,2146
20110805,2127
20110808,2127
20110809,2153
20110810,2151
20110811,2154
20110812,2138
20110815,2147
20110816,2150
20110817,2145
20110818,2143
20110819,2145
20110822,2150
20110823,2159
20110824,2157
20110825,2157
20110826,2158
20110829,2163
20110830,2168
20110831,2155
20110901,2168
20110902,2152
20110905,2149
20110906,2144
20110907,2167
20110908,2146
20110909,2149
20110913,2157
20110914,2164
20110915,2146
20110916,2140
20110919,2168
20110920,2176
20110921,2190
20110922,2180
20110923,2182
20110926,2171
20110927,2182
20110928,2187
20110929,2174
20110930,2175
20111010,2163
20111011,2185
20111012,2188
20111013,2188
20111014,2170
20111017,2165
20111018,2173
20111019,2191
20111020,2197
20111021,2196
20111024,2207
20111025,2198
20111026,2192
20111027,2190
20111028,2196
20111031,2194
20111101,2208
20111102,2204
20111103,2206
20111104,2203
20111107,2189
20111108,2191
20111109,2189
20111110,2182
20111111,2173
20111114,2175
20111115,2169
20111116,2201
20111117,2201
20111118,2187
20111121,2194
20111122,2202
20111123,2210
20111124,2207
20111125,2211
20111128,2193
20111129,2207
20111130,2199
20111201,2206
20111202,2212
20111205,2208
20111206,2216
20111207,2217
20111208,2217
20111209,2213
20111212,2217
20111213,2226
20111214,2226
20111215,2209
20111216,2203
20111219,2208
20111220,2212
20111221,2209
20111222,2212
20111223,2213
20111226,2197
20111227,2221
20111228,2199
20111229,2198
20111230,2211
20120104,2227
20120105,2219
20120106,2236
20120109,2229
20120110,2239
20120111,2238
20120112,2224
20120113,2218
20120116,2180
20120117,2231
20120118,2243
20120119,2249
20120120,2240
20120130,2245
20120131,2241
20120201,2246
20120202,2239
20120203,2227
20120206,2234
20120207,2231
20120208,2223
20120209,2231
20120210,2232
20120213,2246
20120214,2245
20120215,2239
20120216,2244
20120217,2241
20120220,2236
20120221,2249
20120222,2248
20120223,2244
20120224,2242
20120227,2235
20120228,2239
20120229,2246
20120301,2255
20120302,2248
20120305,2246
20120306,2245
20120307,2248
20120308,2254
20120309,2232
20120312,2246
20120313,2256
20120314,2263
20120315,2246
20120316,2240
20120319,2257
20120320,2243
20120321,2247
20120322,2260
20120323,2249
20120326,2251
20120327,2265
20120328,2259
20120329,2262
20120330,2241
20120405,2251
20120406,2242
20120409,2254
20120410,2244
20120411,2267
20120412,2248
20120413,2255
20120416,2248
20120417,2245
20120418,2224
20120419,2228
20120420,2170
20120423,2222
20120424,2267
20120425,2248
20120426,2236
20120427,2215
20120502,2268
20120503,2268
20120504,2277
20120507,2271
20120508,2240
20120509,2268
20120510,2233
20120511,2231
20120514,2277
20120515,2249
20120516,2233
20120517,2263
20120518,2204
20120521,2272
20120522,2275
20120523,2287
20120524,2301
20120525,2253
20120528,2296
20120529,2289
20120530,2299
20120531,2305
20120601,2314
20120604,2311
20120605,2314
20120606,2300
20120607,2318
20120608,2293
20120611,2315
20120612,2328
20120613,2347
20120614,2342
20120615,2310
20120618,2311
20120619,2339
20120620,2323
20120621,2320
20120625,2300
20120626,2320
20120627,2329
20120628,2295
20120629,2301
20120702,2351
20120703,2360
20120704,2352
20120705,2348
20120706,2348
20120709,2363
20120710,2365
20120711,2370
20120712,2369
20120713,2371
20120716,2367
20120717,2371
20120718,2368
20120719,2367
20120720,2368
20120723,2367
20120724,2367
20120725,2374
20120726,2380
20120727,2378
20120730,2379
20120731,2383
20120801,2386
20120802,2381
20120803,2389
20120806,2383
20120807,2384
20120808,2387
20120809,2388
20120810,2390
20120813,2388
20120814,2387
20120815,2391
20120816,2391
20120817,2394
20120820,2391
20120821,2389
20120822,2387
20120823,2383
20120824,2388
20120827,2379
20120828,2377
20120829,2384
20120830,2385
20120831,2384
20120903,2387
20120904,2396
20120905,2401
20120906,2400
20120907,2397
20120910,2399
20120911,2398
20120912,2404
20120913,2406
20120914,2397
20120917,2398
20120918,2401
20120919,2400
20120920,2402
20120921,2407
20120924,2400
20120925,2399
20120926,2397
20120927,2404
20120928,2403
20121008,2399
20121009,2403
20121010,2406
20121011,2407
20121012,2407
20121015,2402
20121016,2406
20121017,2408
20121018,2410
20121019,2414
20121022,2414
20121023,2418
20121024,2415
20121025,2414
20121026,2417
20121029,2418
20121030,2417
20121031,2416
20121101,2417
20121102,2420
20121105,2416
20121106,2416
20121107,2416
20121108,2420
20121109,2420
20121112,2417
20121113,2420
20121114,2419
20121115,2421
20121116,2419
20121119,2418
20121120,2416
20121121,2418
20121122,2415
20121123,2411
20121126,2411
20121127,2410
20121128,2412
20121129,2412
20121130,2405
20121203,2402
20121204,2403
20121205,2401
20121206,2407
20121207,2401
20121210,2396
20121211,2403
20121212,2401
20121213,2398
20121214,2402
20121217,2399
20121218,2399
20121219,2402
20121220,2406
20121221,2407
20121224,2401
20121225,2399
20121226,2397
20121227,2399
20121228,2397
20121231,2401
20130104,2405
20130107,2396
20130108,2391
20130109,2395
20130110,2386
20130111,2387
20130114,2393
20130115,2390
20130116,2390
20130117,2390
20130118,2395
20130121,2396
20130122,2402
20130123,2400
20130124,2400
20130125,2395
20130128,2390
20130129,2390
20130130,2396
20130131,2402
20130201,2402
20130204,2403
20130205,2407
20130206,2406
20130207,2406
20130208,2420
20130218,2418
20130219,2413
20130220,2414
20130221,2415
20130222,2412
20130225,2409
20130226,2410
20130227,2410
20130228,2408
20130301,2404
20130304,2396
20130305,2399
20130306,2399
20130307,2398
20130308,2401
20130311,2403
20130312,2403
20130313,2402
20130314,2404
20130315,2403
20130318,2400
20130319,2407
20130320,2406
20130321,2407
20130322,2407
20130325,2394
20130326,2396
20130327,2398
20130328,2394
20130329,2391
20130401,2399
20130402,2394
20130403,2394
20130408,2389
20130409,2393
20130410,2392
20130411,2393
20130412,2393
20130415,2393
20130416,2396
20130417,2391
20130418,2387
20130419,2388
20130422,2388
20130423,2387
20130424,2386
20130425,2388
20130426,2382
20130502,2381
20130503,2396
20130506,2394
20130507,2397
20130508,2393
20130509,2397
20130510,2397
20130513,2387
20130514,2390
20130515,2391
20130516,2388
20130517,2385
20130520,2378
20130521,2384
20130522,2386
20130523,2387
20130524,2383
20130527,2377
20130528,2377
20130529,2380
20130530,2381
20130531,2380
20130603,2377
20130604,2382
20130605,2381
20130606,2383
20130607,2376
20130613,2366
20130614,2371
20130617,2362
20130618,2364
20130619,2366
20130620,2360
20130621,2364
20130624,2363
20130625,2363
20130626,2362
20130627,2366
20130628,2370
20130701,2373
20130702,2373
20130703,2376
20130704,2369
20130705,2369
20130708,2364
20130709,2363
20130710,2365
20130711,2369
20130712,2368
20130715,2363
20130716,2362
20130717,2363
20130718,2359
20130719,2365
20130722,2355
20130723,2356
20130724,2356
20130725,2359
20130726,2357
20130729,2356
20130730,2358
20130731,2361
20130801,2360
20130802,2366
20130805,2360
20130806,2358
20130807,2351
20130808,2349
20130809,2354
20130812,2349
20130813,2348
20130814,2351
20130815,2349
20130816,2350
20130819,2347
20130820,2355
20130821,2358
20130822,2355
20130823,2358
20130826,2360
20130827,2357
20130828,2355
20130829,2357
20130830,2361
20130902,2356
20130903,2362
20130904,2363
20130905,2366
20130906,2365
20130909,2360
20130910,2360
20130911,2359
20130912,2356
20130913,2354
20130916,2354
20130917,2356
20130918,2356
20130923,2353
20130924,2357
20130925,2353
20130926,2354
20130927,2360
20130930,2365
20131008,2367
20131009,2363
20131010,2366
20131011,2367
20131014,2360
20131015,2358
20131016,2355
20131017,2357
20131018,2361
20131021,2357
20131022,2357
20131023,2361
20131024,2365
20131025,2351
20131028,2355
20131029,2358
20131030,2361
20131031,2352
20131101,2353
20131104,2347
20131105,2352
20131106,2353
20131107,2354
20131108,2359
20131111,2352
20131112,2359
20131113,2357
20131114,2352
20131115,2353
20131118,2346
20131119,2348
20131120,2347
20131121,2345
20131122,2340
20131125,2340
20131126,2342
20131127,2341
20131128,2338
20131129,2339
20131202,2339
20131203,2344
20131204,2345
20131205,2345
20131206,2346
20131209,2341
20131210,2345
20131211,2349
20131212,2344
20131213,2345
20131216,2345
20131217,2344
20131218,2339
20131219,2341
20131220,2346
20131223,2343
20131224,2349
20131225,2349
20131226,2352
20131227,2351
20131230,2352
20131231,2351
20140102,2353
20140103,2344
20140106,2345
20140107,2350
20140108,2346
20140109,2347
20140110,2342
20140113,2341
20140114,2341
20140115,2342
20140116,2337
20140117,2341
20140120,2344
20140121,2357
20140122,2361
20140123,2371
20140124,2374
20140127,2380
20140128,2390
20140129,2393
20140130,2398
20140207,2395
20140210,2388
20140211,2386
20140212,2389
20140213,2381
20140214,2374
20140217,2371
20140218,2371
20140219,2376
20140220,2368
20140221,2374
20140224,2375
20140225,2376
20140226,2370
20140227,2375
20140228,2381
20140303,2378
20140304,2384
20140305,2386
20140306,2377
20140307,2378
20140310,2381
20140311,2378
20140312,2375
20140313,2370
20140314,2369
20140317,2368
20140318,2370
20140319,2368
20140320,2371
20140321,2368
20140324,2354
20140325,2357
20140326,2356
20140327,2353
20140328,2355
20140331,2342
20140401,2342
20140402,2340
20140403,2345
20140404,2349
20140408,2343
20140409,2341
20140410,2338
20140411,2331
20140414,2327
20140415,2324
20140416,2321
20140417,2324
20140418,2326
20140421,2319
20140422,2321
20140423,2327
20140424,2325
20140425,2321
20140428,2307
20140429,2313
20140430,2317
20140505,2310
20140506,2312
20140507,2317
20140508,2311
20140509,2309
20140512,2307
20140513,2311
20140514,2315
20140515,2317
20140516,2315
20140519,2314
20140520,2318
20140521,2314
20140522,2319
20140523,2317
20140526,2311
20140527,2314
20140528,2312
20140529,2311
20140530,2310
20140603,2309
20140604,2314
20140605,2305
20140606,2305
20140609,2303
20140610,2309
20140611,2306
20140612,2301
20140613,2296
20140616,2298
20140617,2309
20140618,2306
20140619,2306
20140620,2312
20140623,2306
20140624,2311
20140625,2301
20140626,2302
20140627,2305
20140630,2300
20140701,2308
20140702,2316
20140703,2308
20140704,2302
20140707,2304
20140708,2304
20140709,2304
20140710,2303
20140711,2299
20140714,2297
20140715,2301
20140716,2302
20140717,2296
20140718,2300
20140721,2291
20140722,2292
20140723,2301
20140724,2302
20140725,2306
20140728,2306
20140729,2308
20140730,2308
20140731,2317
20140801,2319
20140804,2318
20140805,2321
20140806,2318
20140807,2320
20140808,2323
20140811,2321
20140812,2316
20140813,2313
20140814,2313
20140815,2316
20140818,2305
20140819,2313
20140820,2314
20140821,2321
20140822,2322
20140825,2316
20140826,2312
20140827,2313
20140828,2306
20140829,2310
20140901,2306
20140902,2311
20140903,2314
20140904,2309
20140905,2323
20140909,2312
20140910,2317
20140911,2309
20140912,2318
20140915,2313
20140916,2312
20140917,2317
20140918,2315
20140919,2315
20140922,2304
20140923,2306
20140924,2308
20140925,2313
20140926,2322
20140929,2312
20140930,2332
20141008,2317
20141009,2323
20141010,2321
20141013,2306
20141014,2310
20141015,2313
20141016,2316
20141017,2320
20141020,2325
20141021,2323
20141022,2328
20141023,2318
20141024,2320
20141027,2318
20141028,2323
20141029,2314
20141030,2322
20141031,2327
20141103,2325
20141104,2331
20141105,2338
20141106,2338
20141107,2344
20141110,2336
20141111,2339
20141112,2341
20141113,2339
20141114,2342
20141117,2327
20141118,2332
20141119,2327
20141120,2310
20141121,2312
20141124,2308
20141125,2309
20141126,2311
20141127,2302
20141128,2307
20141201,2294
20141202,2306
20141203,2317
20141204,2313
20141205,2321
20141208,2309
20141209,2314
20141210,2320
20141211,2320
20141212,2326
20141215,2331
20141216,2339
20141217,2339
20141218,2328
20141219,2324
20141222,2324
20141223,2327
20141224,2322
20141225,2325
20141226,2325
20141229,2321
20141230,2340
20141231,2344
20150105,2341
20150106,2340
20150107,2345
20150108,2342
20150109,2341
20150112,2337
20150113,2334
20150114,2333
20150115,2326
20150116,2335
20150119,2325
20150120,2325
20150121,2327
20150122,2332
20150123,2334
20150126,2336
20150127,2341
20150128,2350
20150129,2354
20150130,2354
20150202,2346
20150203,2352
20150204,2351
20150205,2348
20150206,2346
20150209,2345
20150210,2346
20150211,2354
20150212,2357
20150213,2358
20150216,2364
20150217,2393
20150225,2385
20150226,2385
20150227,2386
20150302,2377
20150303,2376
20150304,2376
20150305,2368
20150306,2368
20150309,2362
20150310,2365
20150311,2369
20150312,2366
20150313,2357
20150316,2349
20150317,2348
20150318,2354
20150319,2349
20150320,2357
20150323,2345
20150324,2352
20150325,2349
20150326,2342
20150327,2344
20150330,2327
20150331,2340
20150401,2340
20150402,2334
20150403,2345
20150407,2330
20150408,2331
20150409,2322
20150410,2325
20150413,2324
20150414,2329
20150415,2314
20150416,2313
20150417,2320
20150420,2320
20150421,2329
20150422,2342
20150423,2351
20150424,2358
20150427,2362
20150428,2369
20150429,2373
20150430,2366
20150504,2358
20150505,2348
20150506,2350
20150507,2351
20150508,2348
20150511,2360
20150512,2367
20150513,2358
20150514,2358
20150515,2369
20150518,2358
20150519,2358
20150520,2362
20150521,2360
20150522,2350
20150525,2328
20150526,2336
20150527,2342
20150528,2336
20150529,2335
20150601,2319
20150602,2316
20150603,2314
20150604,2321
20150605,2316
20150608,2300
20150609,2305
20150610,2311
20150611,2320
20150612,2325
20150615,2315
20150616,2325
20150617,2327
20150618,2323
20150619,2328
20150623,2333
20150624,2347
20150625,2348
20150626,2361
20150629,2349
20150630,2336
20150701,2343
20150702,2321
20150703,2270
20150706,2217
20150707,2018
20150708,1466
20150709,1340
20150710,1396
20150713,1750
20150714,2000
20150715,2096
20150716,2112
20150717,2150
20150720,2218
20150721,2242
20150722,2257
20150723,2255
20150724,2260
20150727,2252
20150728,2256
20150729,2264
20150730,2269
20150731,2277
20150803,2269
20150804,2266
20150805,2271
20150806,2269
20150807,2271
20150810,2268
20150811,2276
20150812,2277
20150813,2280
20150814,2293
20150817,2293
20150818,2293
20150819,2298
20150820,2302
20150821,2305
20150824,2301
20150825,2298
20150826,2286
20150827,2267
20150828,2276
20150831,2282
20150901,2283
20150902,2288
20150907,2279
20150908,2299
20150909,2306
20150910,2312
20150911,2318
20150914,2316
20150915,2321
20150916,2326
20150917,2325
20150918,2329
20150921,2332
20150922,2341
20150923,2327
20150924,2332
20150925,2342
20150928,2339
20150929,2341
20150930,2350
20151008,2345
20151009,2354
20151012,2351
20151013,2349
20151014,2353
20151015,2336
20151016,2335
20151019,2322
20151020,2324
20151021,2328
20151022,2342
20151023,2352
20151026,2363
20151027,2360
20151028,2370
20151029,2381
20151030,2386
20151102,2383
20151103,2387
20151104,2395
20151105,2400
20151106,2396
20151109,2409
20151110,2418
20151111,2418
20151112,2429
20151113,2434
20151116,2431
20151117,2434
20151118,2443
20151119,2443
20151120,2443
20151123,2449
20151124,2455
20151125,2463
20151126,2463
20151127,2463
20151130,2473
20151201,2474
20151202,2477
20151203,2477
20151204,2481
20151207,2486
20151208,2498
20151209,2504
20151210,2509
20151211,2506
20151214,2511
20151215,2517
20151216,2518
20151217,2512
20151218,2513
20151221,2513
20151222,2520
20151223,2526
20151224,2519
20151225,2533
20151228,2536
20151229,2533
20151230,2527
20151231,2544
20160104,2548
20160105,2552
20160106,2555
20160107,2555
20160108,2547
20160111,2545
20160112,2553
20160113,2553
20160114,2557
20160115,2561
20160118,2546
20160119,2556
20160120,2563
20160121,2560
20160122,2561
20160125,2565
20160126,2562
20160127,2560
20160128,2562
20160129,2557
20160201,2554
20160202,2554
20160203,2555
20160204,2553
20160205,2558
20160215,2560
20160216,2562
20160217,2566
20160218,2569
20160219,2565
20160222,2553
20160223,2553
20160224,2546
20160225,2541
20160226,2541
20160229,2537
20160301,2542
20160302,2545
20160303,2542
20160304,2544
20160307,2540
20160308,2541
20160309,2544
20160310,2553
20160311,2560
20160314,2558
20160315,2560
20160316,2565
20160317,2562
20160318,2557
20160321,2549
20160322,2549
20160323,2551
20160324,2539
20160325,2540
20160328,2531
20160329,2532
20160330,2527
20160331,2535
20160401,2525
20160405,2518
20160406,2513
20160407,2515
20160408,2520
20160411,2509
20160412,2515
20160413,2517
20160414,2521
20160415,2514
20160418,2516
20160419,2522
20160420,2516
20160421,2520
20160422,2520
20160425,2521
20160426,2519
20160427,2528
20160428,2528
20160429,2528
20160503,2537
20160504,2546
20160505,2544
20160506,2547
20160509,2545
20160510,2546
20160511,2549
20160512,2544
20160513,2541
20160516,2545
20160517,2548
20160518,2548
20160519,2545
20160520,2548
20160523,2543
20160524,2547
20160525,2549
20160526,2552
20160527,2551
20160530,2556
20160531,2555
20160601,2552
20160602,2553
20160603,2559
20160606,2557
20160607,2569
20160608,2571
20160613,2566
20160614,2567
20160615,2574
20160616,2572
20160617,2569
20160620,2565
20160621,2568
20160622,2576
20160623,2578
20160624,2583
20160627,2578
20160628,2583
20160629,2584
20160630,2584
20160701,2592
20160704,2592
20160705,2602
20160706,2604
20160707,2605
20160708,2605
20160711,2602
20160712,2611
20160713,2606
20160714,2610
20160715,2613
20160718,2617
20160719,2620
20160720,2619
20160721,2620
20160722,2622
20160725,2622
20160726,2632
20160727,2637
20160728,2643
20160729,2644
20160801,2647
20160802,2656
20160803,2653
20160804,2653
20160805,2656
20160808,2662
20160809,2668
20160810,2672
20160811,2673
20160812,2680
20160815,2677
20160816,2680
20160817,2684
20160818,2688
20160819,2688
20160822,2691
20160823,2692
20160824,2693
20160825,2684
20160826,2685
20160829,2678
20160830,2686
20160831,2685
20160901,2693
20160902,2691
20160905,2697
20160906,2697
20160907,2693
20160908,2695
20160909,2691
20160912,2684
20160913,2686
20160914,2681
20160919,2677
20160920,2686
20160921,2683
20160922,2684
20160923,2682
20160926,2686
20160927,2690
20160928,2698
20160929,2697
20160930,2703
20161010,2703
20161011,2703
20161012,2720
20161013,2719
20161014,2724
20161017,2727
20161018,2726
20161019,2726
20161020,2725
20161021,2729
20161024,2736
20161025,2742
20161026,2748
20161027,2748
20161028,2750
20161031,2751
20161101,2756
20161102,2751
20161103,2759
20161104,2762
20161107,2761
20161108,2760
20161109,2761
20161110,2761
20161111,2760
20161114,2759
20161115,2755
20161116,2757
20161117,2748
20161118,2749
20161121,2749
20161122,2756
20161123,2760
20161124,2762
20161125,2761
20161128,2759
20161129,2764
20161130,2773
20161201,2772
20161202,2776
20161205,2779
20161206,2784
20161207,2784
20161208,2788
20161209,2788
20161212,2786
20161213,2792
20161214,2800
20161215,2792
20161216,2792
20161219,2790
20161220,2799
20161221,2802
20161222,2799
20161223,2805
20161226,2811
20161227,2818
20161228,2821
20161229,2821
20161230,2833
20170103,2831
20170104,2839
20170105,2838
20170106,2844
20170109,2844
20170110,2848
20170111,2849
20170112,2855
20170113,2861
20170116,2855
20170117,2860
20170118,2865
20170119,2864
20170120,2875
20170123,2881
20170124,2884
20170125,2890
20170126,2892
20170203,2885
20170206,2886
20170207,2888
20170208,2895
20170209,2893
20170210,2894
20170213,2895
20170214,2896
20170215,2903
20170216,2902
20170217,2904
20170220,2887
20170221,2894
20170222,2895
20170223,2897
20170224,2897
20170227,2896
20170228,2896
20170301,2900
20170302,2904
20170303,2903
20170306,2905
20170307,2910
20170308,2909
20170309,2909
20170310,2915
20170313,2912
20170314,2915
20170315,2917
20170316,2915
20170317,2923
20170320,2915
20170321,2922
20170322,2923
20170323,2928
20170324,2934
20170327,2931
20170328,2933
20170329,2944
20170330,2946
20170331,2945
20170405,2942
20170406,2941
20170407,2945
20170410,2939
20170411,2934
20170412,2953
20170413,2944
20170414,2944
20170417,2961
20170418,2964
20170419,2969
20170420,2957
20170421,2961
20170424,2954
20170425,2962
20170426,2966
20170427,2965
20170428,2962
20170502,2947
20170503,2965
20170504,2963
20170505,2966
20170508,2965
20170509,2971
20170510,2968
20170511,2975
20170512,2967
20170515,2966
20170516,2960
20170517,2965
20170518,2969
20170519,2981
20170522,2982
20170523,2985
20170524,2988
20170525,2985
20170526,2986
20170531,2985
20170601,2982
20170602,2981
20170605,2974
20170606,2975
20170607,2979
20170608,2980
20170609,2985
20170612,2987
20170613,2989
20170614,2995
20170615,2997
20170616,3006
20170619,3006
20170620,3013
20170621,3020
20170622,3016
20170623,3022
20170626,3020
20170627,3024
20170628,3024
20170629,3024
20170630,3021
20170703,3021
20170704,3025
20170705,3030
20170706,3026
20170707,3026
20170710,3024
20170711,3028
20170712,3030
20170713,3027
20170714,3032
20170717,3032
20170718,3021
20170719,3022
20170720,3023
20170721,3032
20170724,3036
20170725,3037
20170726,3038
20170727,3047
20170728,3048
20170731,3049
20170801,3054
20170802,3066
20170803,3068
20170804,3065
20170807,3070
20170808,3074
20170809,3080
20170810,3086
20170811,3087
20170814,3091
20170815,3091
20170816,3095
20170817,3090
20170818,3096
20170821,3103
20170822,3101
20170823,3108
20170824,3107
20170825,3112
20170828,3117
20170829,3116
20170830,3114
20170831,3115
20170901,3131
20170904,3127
20170905,3134
20170906,3134
20170907,3132
20170908,3123
20170911,3123
20170912,3125
20170913,3129
20170914,3131
20170915,3135
20170918,3137
20170919,3147
20170920,3149
20170921,3158
20170922,3165
20170925,3167
20170926,3176
20170927,3174
20170928,3178
20170929,3181
20171009,3179
20171010,3182
20171011,3182
20171012,3184
20171013,3191
20171016,3192
20171017,3188
20171018,3189
20171019,3188
20171020,3191
20171023,3194
20171024,3191
20171025,3196
20171026,3196
20171027,3199
20171030,3205
20171031,3214
20171101,3219
20171102,3229
20171103,3234
20171106,3237
20171107,3240
20171108,3244
20171109,3247
20171110,3247
20171113,3243
20171114,3243
20171115,3245
20171116,3238
20171117,3245
20171120,3241
20171121,3242
20171122,3241
20171123,3240
20171124,3238
20171127,3242
20171128,3233
20171129,3236
20171130,3233
20171201,3236
20171204,3231
20171205,3237
20171206,3236
20171207,3229
20171208,3233
20171211,3228
20171212,3229
20171213,3227
20171214,3232
20171215,3239
20171218,3239
20171219,3238
20171220,3246
20171221,3242
20171222,3245
20171225,3249
20171226,3248
20171227,3248
20171228,3243
20171229,3250
20180102,3251
20180103,3259
20180104,3257
20180105,3261
20180108,3262
20180109,3264
20180110,3265
20180111,3268
20180112,3268
20180115,3273
20180116,3276
20180117,3272
20180118,3271
20180119,3277
20180122,3270
20180123,3272
20180124,3279
20180125,3273
20180126,3270
20180129,3266
20180130,3266
20180131,3262
20180201,3258
20180202,3214
20180205,3166
20180206,3160
20180207,3148
20180208,3143
20180209,3149
20180212,3165
20180213,3172
20180214,3186
20180222,3197
20180223,3206
20180226,3222
20180227,3231
20180228,3226
20180301,3223
20180302,3234
20180305,3228
20180306,3229
20180307,3233
20180308,3230
20180309,3232
20180312,3235
20180313,3231
20180314,3230
20180315,3237
20180316,3240
20180319,3243
20180320,3239
20180321,3243
20180322,3245
20180323,3250
20180326,3251
20180327,3245
20180328,3242
20180329,3242
20180330,3248
20180402,3252
20180403,3253
20180404,3256
20180409,3251
20180410,3256
20180411,3256
20180412,3264
20180413,3265
20180416,3262
20180417,3260
20180418,3255
20180419,3256
20180420,3254
20180423,3259
20180424,3260
20180425,3265
20180426,3265
20180427,3271
20180502,3267
20180503,3278
20180504,3277
20180507,3282
20180508,3280
20180509,3280
20180510,3285
20180511,3290
20180514,3295
20180515,3295
20180516,3304
20180517,3308
20180518,3308
20180521,3304
20180522,3304
20180523,3306
20180524,3302
20180525,3305
20180528,3312
20180529,3308
20180530,3304
20180531,3301
20180601,3302
20180604,3308
20180605,3311
20180606,3308
20180607,3302
20180608,3300
20180611,3306
20180612,3306
20180613,3308
20180614,3305
20180615,3300
20180619,3284
20180620,3288
20180621,3287
20180622,3291
20180625,3298
20180626,3302
20180627,3312
20180628,3317
20180629,3324
20180702,3335
20180703,3345
20180704,3345
20180705,3349
20180706,3349
20180709,3358
20180710,3362
20180711,3360
20180712,3358
20180713,3365
20180716,3374
20180717,3376
20180718,3379
20180719,3381
20180720,3385
20180723,3386
20180724,3385
20180725,3388
20180726,3389
20180727,3389
20180730,3391
20180731,3395
20180801,3399
20180802,3401
20180803,3405
20180806,3408
20180807,3413
20180808,3411
20180809,3413
20180810,3413
20180813,3413
20180814,3415
20180815,3417
20180816,3417
20180817,3421
20180820,3424
20180821,3426
20180822,3426
20180823,3424
20180824,3428
20180827,3431
20180828,3435
20180829,3435
20180830,3437
20180831,3439
20180903,3441
20180904,3442
20180905,3443
20180906,3442
20180907,3439
20180910,3438
20180911,3441
20180912,3442
20180913,3449
20180914,3450
20180917,3449
20180918,3453
20180919,3452
20180920,3454
20180921,3459
20180925,3465
20180926,3468
20180927,3469
20180928,3469
20181008,3465
20181009,3475
20181010,3480
20181011,3478
20181012,3482
20181015,3480
20181016,3485
20181017,3487
20181018,3483
20181019,3480
20181022,3475
20181023,3476
20181024,3476
20181025,3472
20181026,3474
20181029,3481
20181030,3485
20181031,3480
20181101,3482
20181102,3483
20181105,3493
20181106,3492
20181107,3496
20181108,3499
20181109,3503
20181112,3507
20181113,3509
20181114,3510
20181115,3515
20181116,3521
20181119,3521
20181120,3521
20181121,3520
20181122,3525
20181123,3527
20181126,3526
20181127,3527
20181128,3534
20181129,3534
20181130,3537
20181203,3539
20181204,3541
20181205,3541
20181206,3542
20181207,3545
20181210,3549
20181211,3545
20181212,3548
20181213,3549
20181214,3549
20181217,3548
20181218,3546
20181219,3545
20181220,3550
20181221,3549
20181224,3549
20181225,3544
20181226,3543
20181227,3543
20181228,3550
20190102,3554
20190103,3555
20190104,3555
20190107,3554
20190108,3557
20190109,3557
20190110,3559
20190111,3560
20190114,3557
20190115,3557
20190116,3559
20190117,3562
20190118,3560
20190121,3560
20190122,3561
20190123,3560
20190124,3563
20190125,3563
20190128,3565
20190129,3565
20190130,3569
20190131,3568
20190201,3569
20190211,3571
20190212,3571
20190213,3572
20190214,3573
20190215,3573
20190218,3572
20190219,3572
20190220,3567
20190221,3572
20190222,3574
20190225,3570
20190226,3570
20190227,3569
20190228,3570
20190301,3574
20190304,3574
20190305,3572
20190306,3568
20190307,3572
20190308,3575
20190311,3576
20190312,3573
20190313,3571
20190314,3573
20190315,3575
20190318,3571
20190319,3572
20190320,3574
20190321,3573
20190322,3571
20190325,3565
20190326,3566
20190327,3561
20190328,3563
20190329,3566
20190401,3570
20190402,3575
20190403,3567
20190404,3569
20190408,3576
20190409,3576
20190410,3579
20190411,3575
20190412,3580
20190415,3580
20190416,3579
20190417,3585
20190418,3589
20190419,3587
20190422,3586
20190423,3585
20190424,3587
20190425,3579
20190426,3577
20190429,3569
20190430,3553
20190506,3576
20190507,3578
20190508,3578
20190509,3584
20190510,3585
20190513,3582
20190514,3583
20190515,3584
20190516,3587
20190517,3590
20190520,3587
20190521,3591
20190522,3593
20190523,3594
20190524,3596
20190527,3599
20190528,3598
20190529,3601
20190530,3599
20190531,3600
20190603,3596
20190604,3597
20190605,3597
20190606,3600
20190610,3596
20190611,3597
20190612,3596
20190613,3596
20190614,3598
20190617,3597
20190618,3599
20190619,3600
20190620,3602
20190621,3603
20190624,3606
20190625,3606
20190626,3606
20190627,3608
20190628,3613
20190701,3611
20190702,3612
20190703,3611
20190704,3608
20190705,3613
20190708,3610
20190709,3606
20190710,3608
20190711,3606
20190712,3610
20190715,3612
20190716,3614
20190717,3613
20190718,3614
20190719,3614
20190722,3641
20190723,3641
20190724,3639
20190725,3642
20190726,3643
20190729,3645
20190730,3645
20190731,3647
20190801,3647
20190802,3649
20190805,3650
20190806,3652
20190807,3651
20190808,3651
20190809,3653
20190812,3654
20190813,3653
20190814,3651
20190815,3656
20190816,3655
20190819,3652
20190820,3652
20190821,3652
20190822,3652
20190823,3652
20190826,3654
20190827,3655
20190828,3658
20190829,3657
20190830,3661
20190902,3662
20190903,3663
20190904,3662
20190905,3664
20190906,3664
20190909,3666
20190910,3663
20190911,3663
20190912,3663
20190916,3663
20190917,3666
20190918,3665
20190919,3663
20190920,3666
20190923,3664
20190924,3663
20190925,3666
20190926,3664
20190927,3665
20190930,3671
20191008,3667
20191009,3667
20191010,3668
20191011,3670
20191014,3671
20191015,3673
20191016,3673
20191017,3672
20191018,3674
20191021,3672
20191022,3673
20191023,3675
20191024,3676
20191025,3677
20191028,3679
20191029,3682
20191030,3681
20191031,3683
20191101,3684
20191104,3686
20191105,3692
20191106,3692
20191107,3697
20191108,3700
20191111,3702
20191112,3704
20191113,3698
20191114,3702
20191115,3704
20191118,3709
20191119,3708
20191120,3708
20191121,3711
20191122,3713
20191125,3716
20191126,3716
20191127,3715
20191128,3713
20191129,3714
20191202,3712
20191203,3717
20191204,3717
20191205,3720
20191206,3720
20191209,3721
20191210,3720
20191211,3723
20191212,3725
20191213,3728
20191216,3731
20191217,3731
20191218,3731
20191219,3732
20191220,3731
20191223,3735
20191224,3738
20191225,3735
20191226,3736
20191227,3738
20191230,3740
20191231,3741
20200102,3740
20200103,3741
20200106,3743
20200107,3743
20200108,3742
20200109,3742
20200110,3740
20200113,3740
20200114,3743
20200115,3743
20200116,3744
20200117,3748
20200120,3751
20200121,3753
20200122,3757
20200123,3760
20200203,3760
20200204,3761
20200205,3764
20200206,3765
20200207,3766
20200210,3767
20200211,3769
20200212,3771
20200213,3773
20200214,3774
20200217,3775
20200218,3775
20200219,3777
20200220,3777
20200221,3780
20200224,3781
20200225,3781
20200226,3782
20200227,3782
20200228,3783
20200302,3782
20200303,3781
20200304,3778
20200305,3779
20200306,3778
20200309,3777
20200310,3778
20200311,3776
20200312,3777
20200313,3778
20200316,3777
20200317,3777
20200318,3777
20200319,3781
20200320,3783
20200323,3786
20200324,3785
20200325,3784
20200326,3787
20200327,3790
20200330,3789
20200331,3789
20200401,3791
20200402,3791
20200403,3792
20200407,3789
20200408,3789
20200409,3791
20200410,3792
20200413,3791
20200414,3792
20200415,3791
20200416,3797
20200417,3800
20200420,3797
20200421,3798
20200422,3802
20200423,3803
20200424,3802
20200427,3802
20200428,3794
20200429,3785
20200430,3771
20200506,3798
20200507,3804
20200508,3806
20200511,3807
20200512,3807
20200513,3810
20200514,3812
20200515,3813
20200518,3812
20200519,3811
20200520,3813
20200521,3814
20200522,3817
20200525,3817
20200526,3817
20200527,3811
20200528,3814
20200529,3813
20200601,3812
20200602,3817
20200603,3818
20200604,3818
20200605,3819
20200608,3823
20200609,3828
20200610,3827
20200611,3826
20200612,3827
20200615,3830
20200616,3835
20200617,3833
20200618,3836
20200619,3838
20200622,3838
20200623,3837
20200624,3836
20200629,3840
20200630,3835
20200701,3846
20200702,3848
20200703,3850
20200706,3850
20200707,3848
20200708,3854
20200709,3856
20200710,3858
20200713,3860
20200714,3864
20200715,3863
20200716,3865
20200717,3869
20200720,3869
20200721,3872
20200722,3878
20200723,3880
20200724,3882
20200727,3884
20200728,3883
20200729,3886
20200730,3889
20200731,3894
20200803,3894
20200804,3895
20200805,3898
20200806,3901
20200807,3901
20200810,3906
20200811,3905
20200812,3909
20200813,3910
20200814,3911
20200817,3915
20200818,3918
20200819,3919
20200820,3922
20200821,3923
20200824,3940
20200825,3943
20200826,3944
20200827,3944
20200828,3948
20200831,3950
20200901,3953
20200902,3957
20200903,3961
20200904,3958
20200907,3958
20200908,3962
20200909,3957
20200910,3963
20200911,3966
20200914,3963
20200915,3969
20200916,3973
20200917,3978
20200918,3985
20200921,3986
20200922,3994
20200923,3993
20200924,3997
20200925,4003
20200928,4006
20200929,4012
20200930,4015
20201009,4018
20201012,4017
20201013,4022
20201014,4020
20201015,4022
20201016,4024
20201019,4027
20201020,4028
20201021,4029
20201022,4033
20201023,4035
20201026,4036
20201027,4037
20201028,4038
20201029,4043
20201030,4044
20201102,4044
20201103,4044
20201104,4045
20201105,4049
20201106,4050
20201109,4056
20201110,4057
20201111,4059
20201112,4062
20201113,4059
20201116,4060
20201117,4062
20201118,4066
20201119,4065
20201120,4065
20201123,4066
20201124,4065
20201125,4064
20201126,4069
20201127,4069
20201130,4067
20201201,4069
20201202,4069
20201203,4072
20201204,4073
20201207,4074
20201208,4079
20201209,4079
20201210,4080
20201211,4083
20201214,4086
20201215,4089
20201216,4093
20201217,4092
20201218,4095
20201221,4097
20201222,4096
20201223,4099
20201224,4101
20201225,4104
20201228,4107
20201229,4113
20201230,4115
20201231,4117
20210104,4120
20210105,4121
20210106,4123
20210107,4128
20210108,4129
20210111,4125
20210112,4126
20210113,4128
20210114,4125
20210115,4122
20210118,4125
20210119,4129
20210120,4129
20210121,4132
20210122,4137
20210125,4136
20210126,4138
20210127,4142
20210128,4148
20210129,4150
20210201,4153
20210202,4154
20210203,4155
20210204,4156
20210205,4156
20210208,4158
20210209,4165
20210210,4173
20210218,4168
20210219,4172
20210222,4172
20210223,4172
20210224,4175
20210225,4176
20210226,4177
20210301,4178
20210302,4179
20210303,4180
20210304,4180
20210305,4181
20210308,4183
20210309,4184
20210310,4185
20210311,4185
20210312,4186
20210315,4187
20210316,4189
20210317,4190
20210318,4192
20210319,4191
20210322,4201
20210323,4203
20210324,4204
20210325,4207
20210326,4210
20210329,4214
20210330,4217
20210331,4215
20210401,4220
20210402,4220
20210406,4227
20210407,4225
20210408,4228
20210409,4232
20210412,4236
20210413,4239
20210414,4241
20210415,4240
20210416,4244
20210419,4248
20210420,4251
20210421,4259
20210422,4259
20210423,4251
20210426,4257
20210427,4246
20210428,4259
20210429,4244
20210430,4239
20210506,4266
20210507,4265
20210510,4266
20210511,4269
20210512,4275
20210513,4282
20210514,4280
20210517,4283
20210518,4279
20210519,4280
20210520,4294
20210521,4295
20210524,4293
20210525,4299
20210526,4304
20210527,4306
20210528,4309
20210531,4311
20210601,4312
20210602,4315
20210603,4318
20210604,4319
20210607,4319
20210608,4323
20210609,4324
20210610,4325
20210611,4331
20210615,4328
20210616,4329
20210617,4334
20210618,4335
20210621,4331
20210622,4339
20210623,4340
20210624,4343
20210625,4348
20210628,4352
20210629,4356
20210630,4358
20210701,4360
20210702,4362
20210705,4364
20210706,4369
20210707,4374
20210708,4378
20210709,4379
20210712,4379
20210713,4381
20210714,4379
20210715,4379
20210716,4383
20210719,4382
20210720,4385
20210721,4384
20210722,4390
20210723,4392
20210726,4396
20210727,4397
20210728,4401
20210729,4403
20210730,4406
20210802,4407
20210803,4409
20210804,4415
20210805,4419
20210806,4421
20210809,4420
20210810,4424
20210811,4424
20210812,4428
20210813,4433
20210816,4435
20210817,4438
20210818,4438
20210819,4441
20210820,4444
20210823,4444
20210824,4448
20210825,4447
20210826,4449
20210827,4450
20210830,4450
20210831,4449
20210901,4450
20210902,4448
20210903,4448
20210906,4450
20210907,4454
20210908,4456
20210909,4461
20210910,4462
20210913,4468
20210914,4472
20210915,4472
20210916,4472
20210917,4473
20210922,4470
20210923,4470
20210924,4471
20210927,4469
20210928,4473
20210929,4478
20210930,4480
20211008,4482
20211011,4483
20211012,4486
20211013,4487
20211014,4488
20211015,4490
20211018,4495
20211019,4497
20211020,4499
20211021,4503
20211022,4504
20211025,4504
20211026,4507
20211027,4514
20211028,4519
20211029,4520
20211101,4521
20211102,4524
20211103,4524
20211104,4525
20211105,4525
20211108,4526
20211109,4522
20211110,4525
20211111,4524
20211112,4529
20211115,4606
20211116,4609
20211117,4613
20211118,4619
20211119,4621
20211122,4624
20211123,4625
20211124,4625
20211125,4626
20211126,4627
20211129,4628
20211130,4629
20211201,4630
20211202,4632
20211203,4632
20211206,4637
20211207,4639
20211208,4640
20211209,4642
20211210,4645
20211213,4645
20211214,4645
20211215,4646
20211216,4648
20211217,4648
20211220,4651
20211221,4649
20211222,4653
20211223,4660
20211224,4662
20211227,4663
20211228,4666
20211229,4667
20211230,4669
20211231,4668
20220104,4669
20220105,4671
20220106,4674
20220107,4677
20220110,4677
20220111,4680
20220112,4682
20220113,4683
20220114,4683
20220117,4684
20220118,4689
20220119,4688
20220120,4689
20220121,4690
20220124,4692
20220125,4692
20220126,4693
20220127,4699
20220128,4704
20220207,4704
20220208,4703
20220209,4705
20220210,4709
20220211,4709
20220214,4710
20220215,4712
20220216,4714
20220217,4714
20220218,4717
20220221,4717
20220222,4718
20220223,4720
20220224,4721
20220225,4721
20220228,4723
20220301,4724
20220302,4723
20220303,4723
20220304,4725
20220307,4726
20220308,4724
20220309,4723
20220310,4725
20220311,4729
20220314,4734
20220315,4738
20220316,4739
20220317,4741
20220318,4743
20220321,4745
20220322,4751
20220323,4754
20220324,4753
20220325,4753
20220328,4755
20220329,4758
20220330,4759
20220331,4755
20220401,4755
20220406,4754
20220407,4755
20220408,4756
20220411,4756
20220412,4761
20220413,4765
20220414,4766
20220415,4764
20220418,4761
20220419,4767
20220420,4770
20220421,4775
20220422,4778
20220425,4779
20220426,4777
20220427,4773
20220428,4766
20220429,4766
20220505,4713
20220506,4748
20220509,4747
20220510,4750
20220511,4750
20220512,4751
20220513,4754
20220516,4753
20220517,4755
20220518,4755
20220519,4753
20220520,4758
20220523,4757
20220524,4759
20220525,4763
20220526,4769
20220527,4769
20220530,4772
20220531,4778
20220601,4779
20220602,4780
20220606,4794
20220607,4796
20220608,4800
20220609,4800
20220610,4806
20220613,4810
20220614,4809
20220615,4811
20220616,4807
20220617,4805
20220620,4808
20220621,4810
20220622,4806
20220623,4809
20220624,4808
20220627,4807
20220628,4805
20220629,4804
20220630,4805
20220701,4810
20220704,4804
20220705,4809
20220706,4814
20220707,4815
20220708,4818
20220711,4817
20220712,4817
20220713,4818
20220714,4822
20220715,4826
20220718,4829
20220719,4828
20220720,4828
20220721,4828
20220722,4831
20220725,4828
20220726,4832
20220727,4833
20220728,4834
20220729,4836
20220801,4839
20220802,4843
20220803,4844
20220804,4845
20220805,4849
20220808,4854
20220809,4855
20220810,4855
20220811,4855
20220812,4858
20220815,4856
20220816,4862
20220817,4863
20220818,4870
20220819,4873
20220822,4874
20220823,4875
20220824,4875
20220825,4879
20220826,4881
20220829,4885
20220830,4885
20220831,4891
20220901,4891
20220902,4897
20220905,4899
20220906,4898
20220907,4898
20220908,4902
20220909,4907
20220913,4907
20220914,4908
20220915,4906
20220916,4907
20220919,4912
20220920,4914
20220921,4920
20220922,4919
20220923,4922
20220926,4926
20220927,4930
20220928,4934
20220929,4935
20220930,4936
20221010,4940
20221011,4941
20221012,4943
20221013,4945
20221014,4948
20221017,4945
20221018,4948
20221019,4954
20221020,4954
20221021,4955
20221024,4955
20221025,4956
20221026,4958
20221027,4960
20221028,4964
20221031,4966
20221101,4969
20221102,4968
20221103,4969
20221104,4971
20221107,4974
20221108,4973
20221109,4975
20221110,4979
20221111,4982
20221114,4981
20221115,4981
20221116,4984
20221117,4984
20221118,4988
20221121,4990
20221122,4994
20221123,4995
20221124,4998
20221125,5000
20221128,5002
20221129,5005
20221130,5006
20221201,5008
20221202,5009
20221205,5007
20221206,5008
20221207,5010
20221208,5014
20221209,5016
20221212,5022
20221213,5023
20221214,5024
20221215,5028
20221216,5033
20221219,5029
20221220,5031
20221221,5029
20221222,5039
20221223,5044
20221226,5045
20221227,5050
20221228,5051
20221229,5056
20221230,5060
20230103,5061
20230104,5063
20230105,5063
20230106,5063
20230109,5060
20230110,5064
20230111,5065
20230112,5062
20230113,5063
20230116,5064
20230117,5062
20230118,5064
20230119,5065
20230120,5066
20230130,5066
20230131,5065
20230201,5067
20230202,5070
20230203,5067
20230206,5069
20230207,5071
20230208,5071
20230209,5075
20230210,5076
20230213,5077
20230214,5077
20230215,5078
20230216,5083
20230217,5085
20230220,5088
20230221,5089
20230222,5091
20230223,5091
20230224,5090
20230227,5090
20230228,5092
20230301,5094
20230302,5096
20230303,5097
20230306,5098
20230307,5099
20230308,5100
20230309,5101
20230310,5103
20230313,5108
20230314,5110
20230315,5113
20230316,5113
20230317,5114
20230320,5114
20230321,5117
20230322,5116
20230323,5119
20230324,5120
20230327,5122
20230328,5123
20230329,5126
20230330,5126
20230331,5126
20230403,5128
20230404,5133
20230406,5133
20230407,5132
20230410,5142
20230411,5143
20230412,5142
20230413,5144
20230414,5142
20230417,5144
20230418,5151
20230419,5151
20230420,5154
20230421,5153
20230424,5154
20230425,5155
20230426,5147
20230427,5143
20230428,5130
20230504,5094
20230505,5134
20230508,5135
20230509,5133
20230510,5135
20230511,5138
20230512,5141
20230515,5142
20230516,5147
20230517,5150
20230518,5153
20230519,5156
20230522,5157
20230523,5159
20230524,5161
20230525,5162
20230526,5162
20230529,5158
20230530,5160
20230531,5163
20230601,5165
20230602,5167
20230605,5167
20230606,5168
20230607,5168
20230608,5170
20230609,5174
20230612,5176
20230613,5176
20230614,5174
20230615,5177
20230616,5175
20230619,5181
20230620,5183
20230621,5188
20230626,5188
20230627,5191
20230628,5197
20230629,5199
20230630,5204
20230703,5205
20230704,5206
20230705,5207
20230706,5205
20230707,5208
20230710,5209
20230711,5208
20230712,5211
20230713,5210
20230714,5211
20230717,5214
20230718,5214
20230719,5219
20230720,5222
20230721,5222
20230724,5223
20230725,5226
20230726,5230
20230727,5230
20230728,5232
20230731,5232
20230801,5233
20230802,5232
20230803,5235
20230804,5236
20230807,5237
20230808,5239
20230809,5243
20230810,5246
20230811,5247
20230814,5246
20230815,5248
20230816,5251
20230817,5253
20230818,5256
20230821,5256
20230822,5257
20230823,5261
20230824,5261
20230825,5262
20230828,5263
20230829,5262
20230830,5264
20230831,5264
20230901,5265
20230904,5264
20230905,5267
20230906,5268
20230907,5269
20230908,5270
20230911,5271
20230912,5272
20230913,5272
20230914,5273
20230915,5274
20230918,5275
20230919,5275
20230920,5277
20230921,5278
20230922,5279
20230925,5280
20230926,5281
20230927,5281
20230928,5281
20231009,5281
20231010,5284
20231011,5283
20231012,5284
20231013,5285
20231016,5285
20231017,5287
20231018,5286
20231019,5289
20231020,5290
20231023,5291
20231024,5290
20231025,5292
20231026,5292
20231027,5293
20231030,5293
20231031,5296
20231101,5299
20231102,5299
20231103,5301
20231106,5295
20231107,5298
20231108,5301
20231109,5300
20231110,5301
20231113,5303
20231114,5303
20231115,5302
20231116,5303
20231117,5304
20231120,5306
20231121,5308
20231122,5307
20231123,5309
20231124,5309
20231127,5311
20231128,5309
20231129,5311
20231130,5311
20231201,5314
20231204,5312
20231205,5314
20231206,5315
20231207,5313
20231208,5316
20231211,5317
20231212,5318
20231213,5320
20231214,5322
20231215,5322
20231218,5322
20231219,5320
20231220,5323
20231221,5324
20231222,5324
20231225,5324
20231226,5326
20231227,5327
20231228,5325
20231229,5328
20240102,5328
20240103,5329
20240104,5329
20240105,5331
20240108,5330
20240109,5331
20240110,5333
20240111,5335
20240112,5332
20240115,5333
20240116,5335
20240117,5335
20240118,5338
20240119,5338
20240122,5338
20240123,5338
20240124,5339
20240125,5340
20240126,5341
20240129,5342
20240130,5342
20240131,5343
20240201,5343
20240202,5344
20240205,5343
20240206,5344
20240207,5345
20240208,5347
20240219,5347
20240220,5347
20240221,5347
20240222,5347
20240223,5346
20240226,5345
20240227,5346
20240228,5346
20240229,5346
20240301,5347
20240304,5347
20240305,5347
20240306,5345
20240307,5345
20240308,5346
20240311,5345
20240312,5347
20240313,5349
20240314,5349
20240315,5348
20240318,5347
20240319,5349
20240320,5350
20240321,5350
20240322,5350
20240325,5351
20240326,5352
20240327,5354
20240328,5355
20240329,5355
20240401,5357
20240402,5358
20240403,5357
20240408,5360
20240409,5361
20240410,5361
20240411,5362
20240412,5362
20240415,5362
20240416,5362
20240417,5361
20240418,5360
20240419,5358
20240422,5357
20240423,5356
20240424,5357
20240425,5354
20240426,5345
20240429,5336
20240430,5300
20240506,5341
20240507,5341
20240508,5339
20240509,5340
20240510,5340
20240513,5339
20240514,5342
20240515,5343
20240516,5342
20240517,5342
20240520,5338
20240521,5341
20240522,5342
20240523,5342
20240524,5342
20240527,5340
20240528,5340
20240529,5340
20240530,5341
20240531,5340
20240603,5340
20240604,5339
20240605,5344
20240606,5346
20240607,5343
20240611,5343
20240612,5347
20240613,5348
20240614,5349
20240617,5348
20240618,5346
20240619,5345
20240620,5344
20240621,5344
20240624,5342
20240625,5337
20240626,5344
20240627,5338
20240628,5337
20240701,5335
20240702,5335
20240703,5334
20240704,5335
20240705,5334
20240708,5333
20240709,5339
20240710,5341
20240711,5341
20240712,5341
20240715,5342
20240716,5342
20240717,5339
20240718,5336
20240719,5335
20240722,5334
20240723,5334
20240724,5334
20240725,5332
20240726,5334
20240729,5332
20240730,5333
20240731,5333
20240801,5333
20240802,5335
20240805,5333
20240806,5334
20240807,5335
20240808,5336
20240809,5336
20240812,5337
20240813,5337
20240814,5338
20240815,5338
20240816,5338
20240819,5337
20240820,5338
20240821,5339
20240822,5339
20240823,5337
20240826,5339
20240827,5338
20240828,5338
20240829,5338
20240830,5338
20240902,5336
20240903,5337
20240904,5337
20240905,5337
20240906,5337
20240909,5335
20240910,5335
20240911,5339
20240912,5339
20240913,5340
20240918,5336
20240919,5341
20240920,5341
20240923,5342
20240924,5343
20240925,5346
20240926,5347
20240927,5347
20240930,5344
20241008,5340
20241009,5340
20241010,5342
20241011,5343
20241014,5344
20241015,5345
20241016,5348
20241017,5351
20241018,5350
20241021,5350
20241022,5349
20241023,5346
20241024,5348
20241025,5348
20241028,5345
20241029,5347
20241030,5345
20241031,5348
20241101,5348
20241104,5349
20241105,5352
20241106,5353
20241107,5353
20241108,5355
20241111,5351
20241112,5352
20241113,5352
20241114,5353
20241115,5354
20241118,5351
20241119,5354
20241120,5358
20241121,5358
20241122,5360
20241125,5359
20241126,5360
20241127,5359
20241128,5357
20241129,5363
20241202,5361
20241203,5361
20241204,5361
20241205,5365
20241206,5363
20241209,5361
20241210,5364
20241211,5365
20241212,5366
20241213,5365
20241216,5369
20241217,5366
20241218,5368
20241219,5367
20241220,5372
20241223,5370
20241224,5370
20241225,5367
20241226,5371
20241227,5369
20241230,5366
20241231,5369
20250102,5368
20250103,5371
20250106,5369
20250107,5372
20250108,5372
20250109,5373
20250110,5374
20250113,5373
20250114,5376
20250115,5378
20250116,5378
20250117,5377
20250120,5376
20250121,5378
20250122,5382
20250123,5383
20250124,5380
20250127,5381
20250205,5383
20250206,5384
20250207,5385
20250210,5386
20250211,5385
20250212,5385
20250213,5386
20250214,5385
20250217,5389
20250218,5388
20250219,5388
20250220,5387
20250221,5389
20250224,5386
20250225,5384
20250226,5385
20250227,5383
20250228,5383
20250303,5381
20250304,5383
20250305,5382
20250306,5380
20250307,5381
20250310,5381
20250311,5384
20250312,5383
20250313,5385
20250314,5385
20250317,5380
20250318,5387
20250319,5384
20250320,5386
20250321,5387
20250324,5387
20250325,5390
20250326,5391
20250327,5392
20250328,5391
20250331,5393
20250401,5392
20250402,5394
20250403,5393
20250407,5391
20250408,5392
20250409,5395
20250410,5395
20250411,5394
20250414,5393
20250415,5391
20250416,5395
20250417,5395
20250418,5394
20250421,5394
20250422,5392
20250423,5394
20250424,5394
20250425,5393
20250428,5387
20250429,5361
20250430,5360
20250506,5386
20250507,5388
20250508,5389
20250509,5389
20250512,5389
20250513,5391
20250514,5391
20250515,5390
20250516,5391
20250519,5388
20250520,5394
20250521,5390
20250522,5386
20250523,5388
20250526,5385
20250527,5385
20250528,5383
20250529,5386
20250530,5384
20250603,5380
20250604,5386
20250605,5388
20250606,5391
20250609,5387
20250610,5395
20250611,5398
20250612,5398
20250613,5398
20250616,5400
20250617,5406
20250618,5406
20250619,5405
20250620,5407
20250623,5402
20250624,5406
20250625,5407
20250626,5410
20250627,5405
20250630,5405
20250701,5404
20250702,5403
20250703,5403
20250704,5405
20250707,5403
20250708,5403
20250709,5406
20250710,5406
20250711,5409
20250714,5408
20250715,5408
20250716,5407
20250717,5407
20250718,5406
20250721,5404
20250722,5402
20250723,5406
20250724,5405
20250725,5407
20250728,5408
20250729,5412
20250730,5412
20250731,5409
20250801,5410
20250804,5407
20250805,5408
20250806,5410
20250807,5409
20250808,5411
20250811,5413
20250812,5416
20250813,5412
20250814,5413
20250815,5412
20250818,5410
20250819,5413
20250820,5411
20250821,5414
20250822,5415
20250825,5415
20250826,5416
20250827,5417
20250828,5417
20250829,5414
20250901,5414
20250902,5415
20250903,5417
20250904,5416
20250905,5417
20250908,5419
20250909,5420
20250910,5422
20250911,5421
20250912,5424
20250915,5422
20250916,5422
20250917,5421
20250918,5420
20250919,5422
20250922,5418
20250923,5424
20250924,5422
20250925,5426
20250926,5426
20250929,5420
20250930,5423
20251009,5419
20251010,5422
20251013,5424
20251014,5424
20251015,5424
20251016,5428
20251017,5431
20251020,5430
20251021,5429
20251022,5429
20251023,5431
20251024,5432
20251027,5431
20251028,5432
20251029,5432
20251030,5431
20251031,5432
20251103,5434
20251104,5434
20251105,5434
20251106,5434
20251107,5436
20251110,5439
20251111,5439
20251112,5441
20251113,5440
20251114,5438
20251117,5437
20251118,5440
20251119,5442
20251120,5441
20251121,5444
20251124,5440
20251125,5438
20251126,5434
20251127,5434
20251128,5433
20251201,5432
20251202,5436
20251203,5442
20251204,5440
20251205,5438
20251208,5440
20251209,5441
20251210,5438
20251211,5442
20251212,5444
20251215,5443
20251216,5445
20251217,5446
20251218,5449
20251219,5448
20251222,5444
20251223,5449
20251224,5451
20251225,5454
20251226,5453
20251229,5455
20251230,5457
20251231,5458
20260105,5457
20260106,5459
20260107,5460
20260108,5459
20260109,5459
20260112,5459
20260113,5452
20260114,5454
20260115,5457
20260116,5460
20260119,5461
20260120,5467
20260121,5465
20260122,5466
20260123,5467
20260126,5463
20260127,5463
20260128,5464
20260129,5465
20260130,5462
20260202,5464
20260203,5465
20260204,5468
20260205,5467
20260206,5466
20260209,5465
20260210,5470
20260211,5470
20260212,5476
20260213,5474
20260224,5474
20260225,5471
20260226,5471
20260227,5471
20260302,5470
20260303,5472
20260304,5474
20260305,5476
20260306,5477
20260309,5481
20260310,5479
20260311,5482
20260312,5482
20260313,5481
20260316,5480
20260317,5478
20260318,5479
20260319,5479
20260320,5481
